Workbook

Sheet Sheet2
A3: Row Labels | B3: Sum of Total
A4: Shea | B4: 40
A5: Tim | B5: 33
A6: Sonat | B6: 32
A7: Lindsay | B7: 27
A8: Cody | B8: 26
A9: Jeremy | B9: 23
A10: Lance | B10: 19
A11: Jordan | B11: 15
A12: Grand Total | B12: 215

Sheet Leaderboard 2026
A1: Player | B1: Sum of Total
A2: Shea | B2: 89.5
A3: Cody | B3: 87
A4: Michael | B4: 81
A5: Tim | B5: 77
A6: Jeremy | B6: 71.5
A7: Lance | B7: 66.5
A8: Sonat | B8: 66.5
A9: Lindsay | B9: 37
A10: Grand Total | B10: 576
A12: Tournament 1 | P12: Closest Too
A13: Player | B13: Week 1 | C13: Points | D13: Week 2 | E13: Points | F13: Week 3 | G13: Points | H13: Week 4 | I13: Points | J13: Week 5 | K13: Points | L13: Week 6 | M13: Points | N13: Total | P13: Player | Q13: Total | R13: Week 1 | S13: Week 2 | T13: Week 3 | U13: Week 4 | V13: Week 5 | W13: Week 6 | X13: Week 7 | Y13: Week 8 | Z13: Week 9 | AA13: Week 10 | AB13: Week 11 | AC13: Week 12 | AD13: Week 13 | AE13: Week 14 | AF13: Week 15 | AG13: Week 16 | AH13: Week 17 | AI13: Week 18
A14: Cody | B14: 37 | C14: 5 | D14: 39 | E14: 4 | F14: 40 | G14: 5 | H14: 45 | I14: 3 | J14: 35 | K14: 6 | L14: 38 | M14: 5 | N14: 28 | P14: Cody | Q14: 1 | R14: - | S14: - | T14: - | U14: - | V14: - | W14: 2.9 | X14: - | Y14: - | Z14: - | AA14: - | AB14: - | AC14: -
A15: Jeremy | B15: 49.5 | C15: 1 | D15: 40.5 | E15: 2 | F15: 47.5 | G15: 2 | H15: 42.5 | I15: 5 | J15: 40.5 | K15: 3 | L15: 47.5 | M15: 2 | N15: 15 | P15: Jeremy | Q15: 2 | R15: 9.5 | S15: - | T15: - | U15: - | V15: - | W15: - | X15: 14.8 | Y15: 13.6 | Z15: - | AA15: - | AB15: - | AC15: -
A16: Lance | B16: 32 | C16: 8 | D16: 50 | E16: 1 | F16: 44 | G16: 4 | H16: 49 | I16: 2 | J16: 38 | K16: 5 | L16: 42 | M16: 3.5 | N16: 23.5 | P16: Lance | Q16: 0 | R16: 7.9 | S16: - | T16: - | U16: - | V16: - | W16: - | X16: - | Y16: - | Z16: - | AA16: - | AB16: - | AC16: -
A17: Shea | B17: 36.5 | C17: 6 | D17: 34.5 | E17: 8 | F17: 31.5 | G17: 8 | H17: 35.5 | I17: 8 | J17: 34.5 | K17: 7 | L17: 36.5 | M17: 6 | N17: 43 | P17: Shea | Q17: 2 | R17: 3.5 | S17: - | T17: - | U17: - | V17: 6.6 | W17: - | X17: - | Y17: - | Z17: - | AA17: - | AB17: - | AC17: 3.1
A18: Michael | B18: 38 | C18: 3.5 | D18: 37 | E18: 5 | F18: 38 | G18: 7 | H18: 39 | I18: 6 | J18: 41 | K18: 2 | L18: 42 | M18: 3.5 | N18: 27 | P18: Michael | Q18: 2 | R18: - | S18: - | T18: - | U18: 14.8 | V18: - | W18: 6.3 | X18: - | Y18: - | Z18: 5 | AA18: - | AB18: - | AC18: -
A19: Tim | B19: 39.5 | C19: 2 | D19: 35.5 | E19: 7 | F19: 39.5 | G19: 6 | H19: 37.5 | I19: 7 | J19: 38.5 | K19: 4 | L19: 35.5 | M19: 7 | N19: 33 | P19: Tim | Q19: 2 | R19: - | S19: 9.9 | T19: 8.5 | U19: - | V19: - | W19: - | X19: - | Y19: - | Z19: - | AA19: - | AB19: 4.8 | AC19: -
A20: Sonat | B20: 38 | C20: 3.5 | D20: 40 | E20: 3 | F20: 46 | G20: 3 | H20: 43 | I20: 4 | J20: 34 | K20: 8 | L20: 34 | M20: 8 | N20: 29.5 | P20: Sonat | Q20: 2 | R20: 10.2 | S20: - | T20: 11.5 | U20: 14.8 | V20: 2.9 | W20: - | X20: - | Y20: - | Z20: - | AA20: 6.6 | AB20: 4.9 | AC20: -
A21: Lindsay | B21: 36 | C21: 7 | D21: 36 | E21: 6 | F21: -4 | G21: 1 | H21: -4 | I21: 1 | J21: -4 | K21: 1 | L21: -4 | M21: 1 | N21: 17 | P21: Lindsay | Q21: 1 | R21: 17.4 | S21: 1.7 | T21: - | U21: - | V21: - | W21: 9.3 | X21: - | Y21: - | Z21: - | AA21: - | AB21: - | AC21: -
A23: Tournament 2
A24: Player | B24: Week 1 | C24: Points | D24: Week 2 | E24: Points | F24: Week 3 | G24: Points | H24: Week 4 | I24: Points | J24: Week 5 | K24: Points | L24: Week 6 | M24: Points | N24: Total
A25: Cody | B25: 38 | C25: 3 | D25: 35 | E25: 6 | F25: 34 | G25: 6 | H25: 32 | I25: 6 | J25: 36 | K25: 4 | L25: 19 | M25: 8 | N25: 33
A26: Jeremy | B26: 35 | C26: 6.5 | D26: 37 | E26: 5 | F26: 35 | G26: 5 | H26: 36 | I26: 4 | J26: 31 | K26: 8 | L26: 29 | M26: 5.5 | N26: 34
A27: Lance | B27: 32.125 | C27: 8 | D27: 40.125 | E27: 2.5 | F27: 39 | G27: 2 | H27: 41 | I27: 2 | J27: 37 | K27: 2.5 | L27: 26 | M27: 7 | N27: 24
A28: Shea | B28: 36.375 | C28: 4.5 | D28: 33.375 | E28: 8 | F28: 37 | G28: 3.5 | H28: 30 | I28: 8 | J28: 35 | K28: 5 | L28: 33 | M28: 3 | N28: 32
A29: Michael | B29: 34.625 | C29: 6.5 | D29: 39.625 | E29: 2.5 | F29: 30 | G29: 8 | H29: 33 | I29: 5 | J29: 32 | K29: 7 | L29: 29 | M29: 5.5 | N29: 34.5
A30: Tim | B30: 39.25 | C30: 2 | D30: 34.25 | E30: 7 | F30: 32 | G30: 7 | H30: 37 | I30: 3 | J30: 34 | K30: 6 | L30: 36 | M30: 2 | N30: 27
A31: Sonat | B31: 35.625 | C31: 4.5 | D31: 38.625 | E31: 4 | F31: 37 | G31: 3.5 | H31: 31 | I31: 7 | J31: 37 | K31: 2.5 | L31: 30 | M31: 4 | N31: 25.5
A32: Lindsay | B32: -4 | C32: 1 | D32: -4 | E32: 1 | F32: -4 | G32: 1 | H32: -4 | I32: 1 | J32: 38 | K32: 1 | L32: -4 | M32: 1 | N32: 6
A34: Tournament 3
A35: Player | B35: Week 1 | C35: Points | D35: Week 2 | E35: Points | F35: Week 3 | G35: Points | H35: Week 4 | I35: Points | J35: Week 5 | K35: Points | L35: Week 6 | M35: Points | N35: Total
A36: Cody | B36: 38 | C36: 6 | D36: 34 | E36: 7 | F36: 38 | G36: 5.5 | H36: =Y61 -> 0 | I36: 7.5 | N36: =C36+E36+G36+I36+K36+M36 -> 26
A37: Jeremy | B37: 38 | C37: 6 | D37: 39 | E37: 4 | F37: 35 | G37: 7 | H37: =Y62 -> 0 | I37: 5.5 | N37: =C37+E37+G37+I37+K37+M37 -> 22.5
A38: Lance | B38: 36 | C38: 8 | D38: 41 | E38: 1 | F38: 34 | G38: 8 | H38: =Y63 -> 0 | I38: 2 | N38: =C38+E38+G38+I38+K38+M38 -> 19
A39: Shea | B39: 48 | C39: 2 | D39: 36 | E39: 6 | F39: 38 | G39: 5.5 | H39: =Y64 -> 0 | I39: 1 | N39: =C39+E39+G39+I39+K39+M39 -> 14.5
A40: Michael | B40: 38 | C40: 6 | D40: 37 | E40: 5 | F40: 39 | G40: 3 | H40: =Y65 -> 0 | I40: 5.5 | N40: =C40+E40+G40+I40+K40+M40 -> 19.5
A41: Tim | B41: 42 | C41: 4 | D41: 33 | E41: 8 | F41: 40 | G41: 1 | H41: =Y66 -> 0 | I41: 4 | N41: =C41+E41+G41+I41+K41+M41 -> 17
A42: Sonat | B42: 45 | C42: 3 | D42: 40 | E42: 2.5 | F42: 39 | G42: 3 | H42: =Y67 -> 0 | I42: 3 | N42: =C42+E42+G42+I42+K42+M42 -> 11.5
A43: Lindsay | B43: -5 | C43: 1 | D43: 40 | E43: 2.5 | F43: 39 | G43: 3 | H43: =Y68 -> 0 | I43: 7.5 | N43: =C43+E43+G43+I43+K43+M43 -> 14

Sheet Tournament 3 (2026)
A1: Player | B1: Sum of Total
A2: Cody | B2: 26
A3: Jeremy | B3: 22.5
A4: Michael | B4: 19.5
A5: Lance | B5: 19
A6: Tim | B6: 17
A7: Shea | B7: 14.5
A8: Lindsay | B8: 14
A9: Sonat | B9: 11.5
A10: Grand Total | B10: 144
U11: *
A12: Tournament 3 | P12: Points | R12: *split points if tied* | T12: Closest Too
A13: Player | B13: Week 1 | C13: Points | D13: Week 2 | E13: Points | F13: Week 3 | G13: Points | H13: Week 4 | I13: Points | J13: Week 5 | K13: Points | L13: Week 6 | M13: Points | N13: Total | P13: 1st | Q13: 8 | T13: Player | U13: Week 1 | V13: Week 2 | W13: Week 3 | X13: Week 4 | Y13: Week 5 | Z13: Week 6
A14: Cody | B14: =M26 -> 38 | C14: 6 | D14: =Y26 -> 34 | E14: 7 | F14: =M39 -> 38 | G14: 5.5 | H14: =Y39 -> 31 | I14: 7.5 | J14: =M52 -> -21 | L14: =Y52 -> -21 | N14: =C14+E14+G14+I14+K14+M14 -> 26 | P14: 2nd | Q14: 7 | T14: Cody | U14: - | W14: - | X14: -
A15: Jeremy | B15: =M27 -> 38 | C15: 6 | D15: =Y27 -> 39 | E15: 4 | F15: =M40 -> 35 | G15: 7 | H15: =Y40 -> 32 | I15: 5.5 | J15: =M53 -> -20 | L15: =Y53 -> -20 | N15: =C15+E15+G15+I15+K15+M15 -> 22.5 | P15: 3rd | Q15: 6 | T15: Jeremy | U15: - | W15: - | X15: 16.4
A16: Lance | B16: =M28 -> 36 | C16: 8 | D16: =Y28 -> 41 | E16: 1 | F16: =M41 -> 34 | G16: 8 | H16: =Y41 -> 43 | I16: 2 | J16: =M54 -> -18 | L16: =Y54 -> -18 | N16: =C16+E16+G16+I16+K16+M16 -> 19 | P16: 4th | Q16: 5 | T16: Lance | U16: - | W16: - | X16: -
A17: Shea | B17: =M29 -> 48 | C17: 2 | D17: =Y29 -> 36 | E17: 6 | F17: =M42 -> 38 | G17: 5.5 | H17: =Y42 -> 44 | I17: 1 | J17: =M55 -> -5 | L17: =Y55 -> -5 | N17: =C17+E17+G17+I17+K17+M17 -> 14.5 | P17: 5th | Q17: 4 | T17: Shea | U17: 7.1 | W17: - | X17: -
A18: Michael | B18: =M30 -> 38 | C18: 6 | D18: =Y30 -> 37 | E18: 5 | F18: =M43 -> 39 | G18: 3 | H18: =Y43 -> 32 | I18: 5.5 | J18: =M56 -> -7 | L18: =Y56 -> -7 | N18: =C18+E18+G18+I18+K18+M18 -> 19.5 | P18: 6th | Q18: 3 | T18: Michael | U18: - | W18: - | X18: 4.7
A19: Tim | B19: =M31 -> 42 | C19: 4 | D19: =Y31 -> 33 | E19: 8 | F19: =M44 -> 40 | G19: 1 | H19: =Y44 -> 34 | I19: 4 | J19: =M57 -> -7 | L19: =Y57 -> -7 | N19: =C19+E19+G19+I19+K19+M19 -> 17 | P19: 7th | Q19: 2 | T19: Tim | U19: - | W19: - | X19: 14.5
A20: Sonat | B20: =M32 -> 45 | C20: 3 | D20: =Y32 -> 40 | E20: 2.5 | F20: =M45 -> 39 | G20: 3 | H20: =Y45 -> 39 | I20: 3 | J20: =M58 -> -7 | L20: =Y58 -> -7 | N20: =C20+E20+G20+I20+K20+M20 -> 11.5 | P20: 8th | Q20: 1 | T20: Sonat | U20: - | W20: - | X20: -
A21: Lindsay | B21: =M33 -> -5 | C21: 1 | D21: =Y33 -> 40 | E21: 2.5 | F21: =M46 -> 39 | G21: 3 | H21: =Y46 -> 31 | I21: 7.5 | J21: =M59 -> -5 | L21: =Y59 -> -5 | N21: =C21+E21+G21+I21+K21+M21 -> 14 | T21: Lindsay | W21: - | X21: -
A23: Shadow Creek | B23: 1 | C23: 2 | D23: 3 | E23: 4 | F23: 5 | G23: 6 | H23: 7 | I23: 8 | J23: 9 | K23: Total | L23: Handicap | M23: Score | N23: 10 | O23: 11 | P23: 12 | Q23: 13 | R23: 14 | S23: 15 | T23: 16 | U23: 17 | V23: 18 | W23: Total | X23: Handicap | Y23: Score
A24: Par | B24: 4 | C24: 4 | D24: 4 | E24: 5 | F24: 3 | G24: 4 | H24: 5 | I24: 3 | J24: 4 | K24: =SUM(B24:J24) -> 36 | N24: 4 | O24: 4 | P24: 4 | Q24: 3 | R24: 4 | S24: 4 | T24: 5 | U24: 3 | V24: 5 | W24: =SUM(N24:V24) -> 36
A25: Player
A26: Cody | B26: 7 | C26: 5 | D26: 8 | E26: 7 | F26: 7 | G26: 6 | H26: 7 | I26: 5 | J26: 7 | K26: =SUM(B26:J26) -> 59 | L26: 21 | M26: =K26-L26 -> 38 | N26: 9 | O26: 5 | P26: 5 | Q26: 4 | R26: 5 | S26: 8 | T26: 9 | U26: 4 | V26: 6 | W26: =SUM(N26:V26) -> 55 | X26: 21 | Y26: =W26-X26 -> 34
A27: Jeremy | B27: 8 | C27: 7 | D27: 6 | E27: 8 | F27: 3 | G27: 8 | H27: 8 | I27: 4 | J27: 6 | K27: =SUM(B27:J27) -> 58 | L27: 20 | M27: =K27-L27 -> 38 | N27: 6 | O27: 5 | P27: 6 | Q27: 6 | R27: 6 | S27: 7 | T27: 8 | U27: 6 | V27: 9 | W27: =SUM(N27:V27) -> 59 | X27: 20 | Y27: =W27-X27 -> 39
A28: Lance | B28: 6 | C28: 5 | D28: 7 | E28: 9 | F28: 6 | G28: 7 | H28: 5 | I28: 4 | J28: 5 | K28: =SUM(B28:J28) -> 54 | L28: 18 | M28: =K28-L28 -> 36 | N28: 6 | O28: 6 | P28: 5 | Q28: 6 | R28: 10 | S28: 6 | T28: 8 | U28: 4 | V28: 8 | W28: =SUM(N28:V28) -> 59 | X28: 18 | Y28: =W28-X28 -> 41
A29: Shea | B29: 6 | C29: 5 | D29: 6 | E29: 8 | F29: 3 | G29: 5 | H29: 5 | I29: 8 | J29: 7 | K29: =SUM(B29:J29) -> 53 | L29: 5 | M29: =K29-L29 -> 48 | N29: 5 | O29: 3 | P29: 5 | Q29: 3 | R29: 5 | S29: 4 | T29: 7 | U29: 3 | V29: 6 | W29: =SUM(N29:V29) -> 41 | X29: 5 | Y29: =W29-X29 -> 36
A30: Michael | B30: 4 | C30: 5 | D30: 9 | E30: 6 | F30: 3 | G30: 5 | H30: 6 | I30: 3 | J30: 4 | K30: =SUM(B30:J30) -> 45 | L30: 7 | M30: =K30-L30 -> 38 | N30: 5 | O30: 5 | P30: 4 | Q30: 4 | R30: 5 | S30: 5 | T30: 6 | U30: 4 | V30: 6 | W30: =SUM(N30:V30) -> 44 | X30: 7 | Y30: =W30-X30 -> 37
A31: Tim | B31: 4 | C31: 6 | D31: 6 | E31: 6 | F31: 4 | G31: 6 | H31: 7 | I31: 5 | J31: 5 | K31: =SUM(B31:J31) -> 49 | L31: 7 | M31: =K31-L31 -> 42 | N31: 5 | O31: 4 | P31: 4 | Q31: 4 | R31: 4 | S31: 5 | T31: 7 | U31: 2 | V31: 5 | W31: =SUM(N31:V31) -> 40 | X31: 7 | Y31: =W31-X31 -> 33
A32: Sonat | B32: 6 | C32: 6 | D32: 6 | E32: 6 | F32: 4 | G32: 6 | H32: 6 | I32: 5 | J32: 7 | K32: =SUM(B32:J32) -> 52 | L32: 7 | M32: =K32-L32 -> 45 | N32: 5 | O32: 4 | P32: 4 | Q32: 5 | R32: 7 | S32: 5 | T32: 5 | U32: 5 | V32: 7 | W32: =SUM(N32:V32) -> 47 | X32: 7 | Y32: =W32-X32 -> 40
A33: Lindsay | K33: =SUM(B33:J33) -> 0 | L33: 5 | M33: =K33-L33 -> -5 | N33: 5 | O33: 7 | P33: 3 | Q33: 4 | R33: 5 | S33: 5 | T33: 7 | U33: 3 | V33: 6 | W33: =SUM(N33:V33) -> 45 | X33: 5 | Y33: =W33-X33 -> 40
F34: 140 yrd | I34: 160 yrd | Q34: 202 yrd | U34: 140 yrd
A36: Greystone | B36: 1 | C36: 2 | D36: 3 | E36: 4 | F36: 5 | G36: 6 | H36: 7 | I36: 8 | J36: 9 | K36: Total | L36: Handicap | M36: Score | N36: 10 | O36: 11 | P36: 12 | Q36: 13 | R36: 14 | S36: 15 | T36: 16 | U36: 17 | V36: 18 | W36: Total | X36: Handicap | Y36: Score
A37: Par | B37: 5 | C37: 3 | D37: 4 | E37: 5 | F37: 4 | G37: 3 | H37: 4 | I37: 4 | J37: 4 | K37: =SUM(B37:J37) -> 36 | N37: 5 | O37: 3 | P37: 4 | Q37: 4 | R37: 3 | S37: 4 | T37: 4 | U37: 4 | V37: 5 | W37: =SUM(N37:V37) -> 36
A38: Player
A39: Cody | B39: 7 | C39: 6 | D39: 8 | E39: 9 | F39: 5 | G39: 5 | H39: 8 | I39: 4 | J39: 7 | K39: =SUM(B39:J39) -> 59 | L39: 21 | M39: =K39-L39 -> 38 | N39: 6 | O39: 4 | P39: 6 | Q39: 6 | R39: 5 | S39: 4 | T39: 8 | U39: 6 | V39: 7 | W39: =SUM(N39:V39) -> 52 | X39: 21 | Y39: =W39-X39 -> 31
A40: Jeremy | B40: 5 | C40: 6 | D40: 6 | E40: 9 | F40: 6 | G40: 5 | H40: 6 | I40: 6 | J40: 6 | K40: =SUM(B40:J40) -> 55 | L40: 20 | M40: =K40-L40 -> 35 | N40: 9 | O40: 4 | P40: 7 | Q40: 7 | R40: 3 | S40: 5 | T40: 6 | U40: 6 | V40: 5 | W40: =SUM(N40:V40) -> 52 | X40: 20 | Y40: =W40-X40 -> 32
A41: Lance | B41: 6 | C41: 5 | D41: 7 | E41: 5 | F41: 8 | G41: 4 | H41: 7 | I41: 6 | J41: 4 | K41: =SUM(B41:J41) -> 52 | L41: 18 | M41: =K41-L41 -> 34 | N41: 14 | O41: 4 | P41: 6 | Q41: 9 | R41: 4 | S41: 5 | T41: 6 | U41: 6 | V41: 7 | W41: =SUM(N41:V41) -> 61 | X41: 18 | Y41: =W41-X41 -> 43
A42: Shea | B42: 6 | C42: 4 | D42: 4 | E42: 6 | F42: 5 | G42: 4 | H42: 5 | I42: 5 | J42: 4 | K42: =SUM(B42:J42) -> 43 | L42: 5 | M42: =K42-L42 -> 38 | N42: 5 | O42: 4 | P42: 7 | Q42: 4 | R42: 5 | S42: 5 | T42: 4 | U42: 9 | V42: 6 | W42: =SUM(N42:V42) -> 49 | X42: 5 | Y42: =W42-X42 -> 44
A43: Michael | B43: 5 | C43: 4 | D43: 6 | E43: 7 | F43: 5 | G43: 4 | H43: 5 | I43: 5 | J43: 5 | K43: =SUM(B43:J43) -> 46 | L43: 7 | M43: =K43-L43 -> 39 | N43: 4 | O43: 3 | P43: 4 | Q43: 5 | R43: 3 | S43: 4 | T43: 4 | U43: 7 | V43: 5 | W43: =SUM(N43:V43) -> 39 | X43: 7 | Y43: =W43-X43 -> 32
A44: Tim | B44: 5 | C44: 4 | D44: 5 | E44: 5 | F44: 5 | G44: 3 | H44: 9 | I44: 5 | J44: 6 | K44: =SUM(B44:J44) -> 47 | L44: 7 | M44: =K44-L44 -> 40 | N44: 6 | O44: 3 | P44: 4 | Q44: 5 | R44: 4 | S44: 4 | T44: 5 | U44: 5 | V44: 5 | W44: =SUM(N44:V44) -> 41 | X44: 7 | Y44: =W44-X44 -> 34
A45: Sonat | B45: 6 | C45: 4 | D45: 4 | E45: 4 | F45: 5 | G45: 5 | H45: 6 | I45: 7 | J45: 5 | K45: =SUM(B45:J45) -> 46 | L45: 7 | M45: =K45-L45 -> 39 | N45: 6 | O45: 4 | P45: 4 | Q45: 7 | R45: 5 | S45: 4 | T45: 5 | U45: 6 | V45: 5 | W45: =SUM(N45:V45) -> 46 | X45: 7 | Y45: =W45-X45 -> 39
A46: Lindsay | B46: 5 | C46: 3 | D46: 5 | E46: 5 | F46: 5 | G46: 3 | H46: 9 | I46: 5 | J46: 4 | K46: =SUM(B46:J46) -> 44 | L46: 5 | M46: =K46-L46 -> 39 | N46: 4 | O46: 3 | P46: 5 | Q46: 4 | R46: 3 | S46: 4 | T46: 4 | U46: 4 | V46: 5 | W46: =SUM(N46:V46) -> 36 | X46: 5 | Y46: =W46-X46 -> 31
C47: 171 yrd | G47: 155 yrd | O47: 136 yrd | R47: 140 yrd
B49: 1 | C49: 2 | D49: 3 | E49: 4 | F49: 5 | G49: 6 | H49: 7 | I49: 8 | J49: 9 | K49: Total | L49: Handicap | M49: Score | N49: 10 | O49: 11 | P49: 12 | Q49: 13 | R49: 14 | S49: 15 | T49: 16 | U49: 17 | V49: 18 | W49: Total | X49: Handicap | Y49: Score
A50: Par | B50: 4 | C50: 3 | D50: 5 | E50: 4 | F50: 5 | G50: 4 | H50: 3 | I50: 4 | J50: 4 | K50: =SUM(B50:J50) -> 36 | N50: 5 | O50: 3 | P50: 4 | Q50: 4 | R50: 4 | S50: 3 | T50: 4 | U50: 3 | V50: 5 | W50: =SUM(N50:V50) -> 35
A51: Player
A52: Cody | K52: =SUM(B52:J52) -> 0 | L52: 21 | M52: =K52-L52 -> -21 | W52: =SUM(N52:V52) -> 0 | X52: 21 | Y52: =W52-X52 -> -21
A53: Jeremy | K53: =SUM(B53:J53) -> 0 | L53: 20 | M53: =K53-L53 -> -20 | W53: =SUM(N53:V53) -> 0 | X53: 20 | Y53: =W53-X53 -> -20
A54: Lance | K54: =SUM(B54:J54) -> 0 | L54: 18 | M54: =K54-L54 -> -18 | W54: =SUM(N54:V54) -> 0 | X54: 18 | Y54: =W54-X54 -> -18
A55: Shea | K55: =SUM(B55:J55) -> 0 | L55: 5 | M55: =K55-L55 -> -5 | W55: =SUM(N55:V55) -> 0 | X55: 5 | Y55: =W55-X55 -> -5
A56: Michael | K56: =SUM(B56:J56) -> 0 | L56: 7 | M56: =K56-L56 -> -7 | W56: =SUM(N56:V56) -> 0 | X56: 7 | Y56: =W56-X56 -> -7
A57: Tim | K57: =SUM(B57:J57) -> 0 | L57: 7 | M57: =K57-L57 -> -7 | W57: =SUM(N57:V57) -> 0 | X57: 7 | Y57: =W57-X57 -> -7
A58: Sonat | K58: =SUM(B58:J58) -> 0 | L58: 7 | M58: =K58-L58 -> -7 | W58: =SUM(N58:V58) -> 0 | X58: 7 | Y58: =W58-X58 -> -7
A59: Lindsay | K59: =SUM(B59:J59) -> 0 | L59: 5 | M59: =K59-L59 -> -5 | W59: =SUM(N59:V59) -> 0 | X59: 5 | Y59: =W59-X59 -> -5
C60: 156 yrd | H60: 138 yrd | O60: 142 yrd | S60: 144 yrd | U60: 141 yrd

Sheet Tournament 2 (2026)
A1: Player | B1: Sum of Total
A2: Michael | B2: 34.5
A3: Jeremy | B3: 34
A4: Cody | B4: 33
A5: Shea | B5: 32
A6: Tim | B6: 27
A7: Sonat | B7: 25.5
A8: Lance | B8: 24
A9: Lindsay | B9: 6
A10: Grand Total | B10: 216
U11: *
A12: Tournament 2 | P12: Points | R12: *split points if tied* | T12: Closest Too
A13: Player | B13: Week 1 | C13: Points | D13: Week 2 | E13: Points | F13: Week 3 | G13: Points | H13: Week 4 | I13: Points | J13: Week 5 | K13: Points | L13: Week 6 | M13: Points | N13: Total | P13: 1st | Q13: 8 | T13: Player | U13: Week 1 | V13: Week 2 | W13: Week 3 | X13: Week 4 | Y13: Week 5 | Z13: Week 6
A14: Cody | B14: =M26 -> 38 | C14: 3 | D14: =Y26 -> 35 | E14: 6 | F14: =M39 -> 34 | G14: 6 | H14: =Y39 -> 32 | I14: 6 | J14: =M52 -> 36 | K14: 4 | L14: =Y52 -> 19 | M14: 8 | N14: =C14+E14+G14+I14+K14+M14 -> 33 | P14: 2nd | Q14: 7 | T14: Cody | U14: - | V14: - | W14: - | X14: - | Y14: - | Z14: -
A15: Jeremy | B15: =M27 -> 35 | C15: 6.5 | D15: =Y27 -> 37 | E15: 5 | F15: =M40 -> 35 | G15: 5 | H15: =Y40 -> 36 | I15: 4 | J15: =M53 -> 31 | K15: 8 | L15: =Y53 -> 29 | M15: 5.5 | N15: =C15+E15+G15+I15+K15+M15 -> 34 | P15: 3rd | Q15: 6 | T15: Jeremy | U15: 14.8 | V15: 13.6 | W15: - | X15: - | Y15: - | Z15: -
A16: Lance | B16: =M28 -> 32.125 | C16: 8 | D16: =Y28 -> 40.125 | E16: 2.5 | F16: =M41 -> 39 | G16: 2 | H16: =Y41 -> 41 | I16: 2 | J16: =M54 -> 37 | K16: 2.5 | L16: =Y54 -> 26 | M16: 7 | N16: =C16+E16+G16+I16+K16+M16 -> 24 | P16: 4th | Q16: 5 | T16: Lance | U16: - | V16: - | W16: - | X16: - | Y16: - | Z16: -
A17: Shea | B17: =M29 -> 36.375 | C17: 4.5 | D17: =Y29 -> 33.375 | E17: 8 | F17: =M42 -> 37 | G17: 3.5 | H17: =Y42 -> 30 | I17: 8 | J17: =M55 -> 35 | K17: 5 | L17: =Y55 -> 33 | M17: 3 | N17: =C17+E17+G17+I17+K17+M17 -> 32 | P17: 5th | Q17: 4 | T17: Shea | U17: - | V17: - | W17: - | X17: - | Y17: - | Z17: 3.1
A18: Michael | B18: =M30 -> 34.625 | C18: 6.5 | D18: =Y30 -> 39.625 | E18: 2.5 | F18: =M43 -> 30 | G18: 8 | H18: =Y43 -> 33 | I18: 5 | J18: =M56 -> 32 | K18: 7 | L18: =Y56 -> 29 | M18: 5.5 | N18: =C18+E18+G18+I18+K18+M18 -> 34.5 | P18: 6th | Q18: 3 | T18: Michael | U18: - | V18: - | W18: 5 | X18: - | Y18: - | Z18: -
A19: Tim | B19: =M31 -> 39.25 | C19: 2 | D19: =Y31 -> 34.25 | E19: 7 | F19: =M44 -> 32 | G19: 7 | H19: =Y44 -> 37 | I19: 3 | J19: =M57 -> 34 | K19: 6 | L19: =Y57 -> 36 | M19: 2 | N19: =C19+E19+G19+I19+K19+M19 -> 27 | P19: 7th | Q19: 2 | T19: Tim | U19: - | V19: - | W19: - | X19: - | Y19: 4.8 | Z19: -
A20: Sonat | B20: =M32 -> 35.625 | C20: 4.5 | D20: =Y32 -> 38.625 | E20: 4 | F20: =M45 -> 37 | G20: 3.5 | H20: =Y45 -> 31 | I20: 7 | J20: =M58 -> 37 | K20: 2.5 | L20: =Y58 -> 30 | M20: 4 | N20: =C20+E20+G20+I20+K20+M20 -> 25.5 | P20: 8th | Q20: 1 | T20: Sonat | U20: - | V20: - | W20: - | X20: 6.6 | Y20: 4.9 | Z20: -
A21: Lindsay | B21: =M33 -> -4 | C21: 1 | D21: =Y33 -> -4 | E21: 1 | F21: =M46 -> -4 | G21: 1 | H21: =Y46 -> -4 | I21: 1 | J21: =M59 -> 38 | K21: 1 | L21: =Y59 -> -4 | M21: 1 | N21: =C21+E21+G21+I21+K21+M21 -> 6 | T21: Lindsay | U21: - | V21: - | W21: - | X21: - | Y21: - | Z21: -
A23: TPC Scottdale | B23: 1 | C23: 2 | D23: 3 | E23: 4 | F23: 5 | G23: 6 | H23: 7 | I23: 8 | J23: 9 | K23: Total | L23: Handicap | M23: Score | N23: 10 | O23: 11 | P23: 12 | Q23: 13 | R23: 14 | S23: 15 | T23: 16 | U23: 17 | V23: 18 | W23: Total | X23: Handicap | Y23: Score
A24: Par | B24: 4 | C24: 4 | D24: 5 | E24: 3 | F24: 4 | G24: 4 | H24: 3 | I24: 4 | J24: 4 | K24: =SUM(B24:J24) -> 35 | N24: 4 | O24: 4 | P24: 3 | Q24: 5 | R24: 4 | S24: 5 | T24: 3 | U24: 4 | V24: 4 | W24: =SUM(N24:V24) -> 36
A25: Player
A26: Cody | B26: 9 | C26: 6 | D26: 8 | E26: 5 | F26: 7 | G26: 8 | H26: 4 | I26: 7 | J26: 6 | K26: =SUM(B26:J26) -> 60 | L26: 22 | M26: =K26-L26 -> 38 | N26: 6 | O26: 7 | P26: 4 | Q26: 8 | R26: 8 | S26: 6 | T26: 5 | U26: 6 | V26: 7 | W26: =SUM(N26:V26) -> 57 | X26: 22 | Y26: =W26-X26 -> 35
A27: Jeremy | B27: 6 | C27: 8 | D27: 6 | E27: 4 | F27: 6 | G27: 9 | H27: 3 | I27: 9 | J27: 4 | K27: =SUM(B27:J27) -> 55 | L27: 20 | M27: =K27-L27 -> 35 | N27: 8 | O27: 7 | P27: 7 | Q27: 7 | R27: 7 | S27: 5 | T27: 3 | U27: 5 | V27: 8 | W27: =SUM(N27:V27) -> 57 | X27: 20 | Y27: =W27-X27 -> 37
A28: Lance | B28: 5 | C28: 5 | D28: 6 | E28: 4 | F28: 8 | G28: 7 | H28: 4 | I28: 5 | J28: 6 | K28: =SUM(B28:J28) -> 50 | L28: 17.875 | M28: =K28-L28 -> 32.125 | N28: 5 | O28: 13 | P28: 6 | Q28: 7 | R28: 7 | S28: 7 | T28: 3 | U28: 6 | V28: 4 | W28: =SUM(N28:V28) -> 58 | X28: 17.875 | Y28: =W28-X28 -> 40.125
A29: Shea | B29: 5 | C29: 6 | D29: 8 | E29: 3 | F29: 4 | G29: 4 | H29: 4 | I29: 4 | J29: 4 | K29: =SUM(B29:J29) -> 42 | L29: 5.625 | M29: =K29-L29 -> 36.375 | N29: 4 | O29: 5 | P29: 3 | Q29: 5 | R29: 5 | S29: 5 | T29: 3 | U29: 4 | V29: 5 | W29: =SUM(N29:V29) -> 39 | X29: 5.625 | Y29: =W29-X29 -> 33.375
A30: Michael | B30: 6 | C30: 4 | D30: 6 | E30: 3 | F30: 5 | G30: 5 | H30: 3 | I30: 6 | J30: 5 | K30: =SUM(B30:J30) -> 43 | L30: 8.375 | M30: =K30-L30 -> 34.625 | N30: 5 | O30: 6 | P30: 3 | Q30: 5 | R30: 6 | S30: 7 | T30: 4 | U30: 6 | V30: 6 | W30: =SUM(N30:V30) -> 48 | X30: 8.375 | Y30: =W30-X30 -> 39.625
A31: Tim | B31: 5 | C31: 7 | D31: 5 | E31: 3 | F31: 8 | G31: 5 | H31: 4 | I31: 5 | J31: 4 | K31: =SUM(B31:J31) -> 46 | L31: 6.75 | M31: =K31-L31 -> 39.25 | N31: 5 | O31: 6 | P31: 3 | Q31: 5 | R31: 5 | S31: 6 | T31: 3 | U31: 4 | V31: 4 | W31: =SUM(N31:V31) -> 41 | X31: 6.75 | Y31: =W31-X31 -> 34.25
A32: Sonat | B32: 4 | C32: 6 | D32: 6 | E32: 4 | F32: 4 | G32: 5 | H32: 4 | I32: 6 | J32: 4 | K32: =SUM(B32:J32) -> 43 | L32: 7.375 | M32: =K32-L32 -> 35.625 | N32: 4 | O32: 6 | P32: 5 | Q32: 6 | R32: 5 | S32: 7 | T32: 3 | U32: 4 | V32: 6 | W32: =SUM(N32:V32) -> 46 | X32: 7.375 | Y32: =W32-X32 -> 38.625
A33: Lindsay | K33: =SUM(B33:J33) -> 0 | L33: 4 | M33: =K33-L33 -> -4 | W33: =SUM(N33:V33) -> 0 | X33: 4 | Y33: =W33-X33 -> -4
E34: 147 yrd | T34: 114 yrd
A36: Bigwin | B36: 1 | C36: 2 | D36: 3 | E36: 4 | F36: 5 | G36: 6 | H36: 7 | I36: 8 | J36: 9 | K36: Total | L36: Handicap | M36: Score | N36: 10 | O36: 11 | P36: 12 | Q36: 13 | R36: 14 | S36: 15 | T36: 16 | U36: 17 | V36: 18 | W36: Total | X36: Handicap | Y36: Score
A37: Par | B37: 4 | C37: 3 | D37: 5 | E37: 3 | F37: 4 | G37: 4 | H37: 5 | I37: 4 | J37: 4 | K37: =SUM(B37:J37) -> 36 | N37: 4 | O37: 4 | P37: 3 | Q37: 4 | R37: 4 | S37: 5 | T37: 4 | U37: 3 | V37: 5 | W37: =SUM(N37:V37) -> 36
A38: Player
A39: Cody | B39: 5 | C39: 5 | D39: 6 | E39: 4 | F39: 8 | G39: 6 | H39: 8 | I39: 8 | J39: 6 | K39: =SUM(B39:J39) -> 56 | L39: 22 | M39: =K39-L39 -> 34 | N39: 7 | O39: 7 | P39: 4 | Q39: 6 | R39: 4 | S39: 8 | T39: 7 | U39: 4 | V39: 7 | W39: =SUM(N39:V39) -> 54 | X39: 22 | Y39: =W39-X39 -> 32
A40: Jeremy | B40: 8 | C40: 7 | D40: 5 | E40: 4 | F40: 6 | G40: 6 | H40: 7 | I40: 6 | J40: 6 | K40: =SUM(B40:J40) -> 55 | L40: 20 | M40: =K40-L40 -> 35 | N40: 7 | O40: 7 | P40: 5 | Q40: 5 | R40: 6 | S40: 7 | T40: 7 | U40: 5 | V40: 7 | W40: =SUM(N40:V40) -> 56 | X40: 20 | Y40: =W40-X40 -> 36
A41: Lance | B41: 6 | C41: 4 | D41: 8 | E41: 4 | F41: 8 | G41: 6 | H41: 7 | I41: 6 | J41: 8 | K41: =SUM(B41:J41) -> 57 | L41: 18 | M41: =K41-L41 -> 39 | N41: 5 | O41: 10 | P41: 7 | Q41: 6 | R41: 7 | S41: 8 | T41: 5 | U41: 4 | V41: 7 | W41: =SUM(N41:V41) -> 59 | X41: 18 | Y41: =W41-X41 -> 41
A42: Shea | B42: 5 | C42: 3 | D42: 6 | E42: 4 | F42: 5 | G42: 5 | H42: 6 | I42: 4 | J42: 5 | K42: =SUM(B42:J42) -> 43 | L42: 6 | M42: =K42-L42 -> 37 | N42: 4 | O42: 5 | P42: 3 | Q42: 4 | R42: 4 | S42: 4 | T42: 4 | U42: 4 | V42: 4 | W42: =SUM(N42:V42) -> 36 | X42: 6 | Y42: =W42-X42 -> 30
A43: Michael | B43: 5 | C43: 3 | D43: 4 | E43: 3 | F43: 4 | G43: 4 | H43: 5 | I43: 5 | J43: 5 | K43: =SUM(B43:J43) -> 38 | L43: 8 | M43: =K43-L43 -> 30 | N43: 6 | O43: 4 | P43: 2 | Q43: 4 | R43: 5 | S43: 5 | T43: 5 | U43: 5 | V43: 5 | W43: =SUM(N43:V43) -> 41 | X43: 8 | Y43: =W43-X43 -> 33
A44: Tim | B44: 5 | C44: 3 | D44: 4 | E44: 4 | F44: 4 | G44: 6 | H44: 4 | I44: 4 | J44: 5 | K44: =SUM(B44:J44) -> 39 | L44: 7 | M44: =K44-L44 -> 32 | N44: 4 | O44: 6 | P44: 4 | Q44: 4 | R44: 5 | S44: 9 | T44: 4 | U44: 3 | V44: 5 | W44: =SUM(N44:V44) -> 44 | X44: 7 | Y44: =W44-X44 -> 37
A45: Sonat | B45: 6 | C45: 3 | D45: 5 | E45: 4 | F45: 5 | G45: 4 | H45: 5 | I45: 7 | J45: 5 | K45: =SUM(B45:J45) -> 44 | L45: 7 | M45: =K45-L45 -> 37 | N45: 5 | O45: 3 | P45: 4 | Q45: 5 | R45: 4 | S45: 4 | T45: 6 | U45: 3 | V45: 4 | W45: =SUM(N45:V45) -> 38 | X45: 7 | Y45: =W45-X45 -> 31
A46: Lindsay | K46: =SUM(B46:J46) -> 0 | L46: 4 | M46: =K46-L46 -> -4 | W46: =SUM(N46:V46) -> 0 | X46: 4 | Y46: =W46-X46 -> -4
E47: 131 yrd | U47: 159 yrd
A49: Stonebridge | B49: 1 | C49: 2 | D49: 3 | E49: 4 | F49: 5 | G49: 6 | H49: 7 | I49: 8 | J49: 9 | K49: Total | L49: Handicap | M49: Score | N49: 10 | O49: 11 | P49: 12 | Q49: 13 | R49: 14 | S49: 15 | T49: 16 | U49: 17 | V49: 18 | W49: Total | X49: Handicap | Y49: Score
A50: Par | B50: 4 | C50: 3 | D50: 5 | E50: 4 | F50: 5 | G50: 4 | H50: 3 | I50: 4 | J50: 4 | K50: =SUM(B50:J50) -> 36 | N50: 5 | O50: 3 | P50: 4 | Q50: 4 | R50: 4 | S50: 3 | T50: 4 | U50: 3 | V50: 5 | W50: =SUM(N50:V50) -> 35
A51: Player
A52: Cody | B52: 5 | C52: 8 | D52: 6 | E52: 5 | F52: 8 | G52: 5 | H52: 8 | I52: 6 | J52: 7 | K52: =SUM(B52:J52) -> 58 | L52: 22 | M52: =K52-L52 -> 36 | N52: 5 | O52: 3 | P52: 8 | Q52: 3 | R52: 5 | S52: 4 | T52: 5 | U52: 4 | V52: 4 | W52: =SUM(N52:V52) -> 41 | X52: 22 | Y52: =W52-X52 -> 19
A53: Jeremy | B53: 6 | C53: 6 | D53: 5 | E53: 4 | F53: 9 | G53: 6 | H53: 4 | I53: 5 | J53: 6 | K53: =SUM(B53:J53) -> 51 | L53: 20 | M53: =K53-L53 -> 31 | N53: 6 | O53: 4 | P53: 7 | Q53: 5 | R53: 6 | S53: 3 | T53: 6 | U53: 5 | V53: 7 | W53: =SUM(N53:V53) -> 49 | X53: 20 | Y53: =W53-X53 -> 29
A54: Lance | B54: 5 | C54: 7 | D54: 4 | E54: 5 | F54: 8 | G54: 8 | H54: 4 | I54: 6 | J54: 8 | K54: =SUM(B54:J54) -> 55 | L54: 18 | M54: =K54-L54 -> 37 | N54: 5 | O54: 4 | P54: 5 | Q54: 3 | R54: 9 | S54: 4 | T54: 5 | U54: 4 | V54: 5 | W54: =SUM(N54:V54) -> 44 | X54: 18 | Y54: =W54-X54 -> 26
A55: Shea | B55: 5 | C55: 4 | D55: 5 | E55: 5 | F55: 6 | G55: 4 | H55: 3 | I55: 5 | J55: 3 | K55: =SUM(B55:J55) -> 40 | L55: 5 | M55: =K55-L55 -> 35 | N55: 4 | O55: 3 | P55: 4 | Q55: 4 | R55: 7 | S55: 4 | T55: 4 | U55: 2 | V55: 7 | W55: =SUM(N55:V55) -> 39 | X55: 6 | Y55: =W55-X55 -> 33
A56: Michael | B56: 5 | C56: 4 | D56: 5 | E56: 4 | F56: 6 | G56: 5 | H56: 3 | I56: 4 | J56: 4 | K56: =SUM(B56:J56) -> 40 | L56: 8 | M56: =K56-L56 -> 32 | N56: 5 | O56: 3 | P56: 6 | Q56: 4 | R56: 3 | S56: 3 | T56: 5 | U56: 4 | V56: 4 | W56: =SUM(N56:V56) -> 37 | X56: 8 | Y56: =W56-X56 -> 29
A57: Tim | B57: 4 | C57: 4 | D57: 5 | E57: 4 | F57: 8 | G57: 4 | H57: 3 | I57: 4 | J57: 5 | K57: =SUM(B57:J57) -> 41 | L57: 7 | M57: =K57-L57 -> 34 | N57: 6 | O57: 3 | P57: 6 | Q57: 5 | R57: 6 | S57: 4 | T57: 4 | U57: 4 | V57: 5 | W57: =SUM(N57:V57) -> 43 | X57: 7 | Y57: =W57-X57 -> 36
A58: Sonat | B58: 5 | C58: 4 | D58: 6 | E58: 7 | F58: 6 | G58: 4 | H58: 3 | I58: 5 | J58: 4 | K58: =SUM(B58:J58) -> 44 | L58: 7 | M58: =K58-L58 -> 37 | N58: 5 | O58: 3 | P58: 5 | Q58: 4 | R58: 4 | S58: 3 | T58: 4 | U58: 3 | V58: 6 | W58: =SUM(N58:V58) -> 37 | X58: 7 | Y58: =W58-X58 -> 30
A59: Lindsay | B59: 4 | C59: 4 | D59: 4 | E59: 5 | F59: 5 | G59: 5 | H59: 4 | I59: 4 | J59: 7 | K59: =SUM(B59:J59) -> 42 | L59: 4 | M59: =K59-L59 -> 38 | W59: =SUM(N59:V59) -> 0 | X59: 4 | Y59: =W59-X59 -> -4
C60: 156 yrd | H60: 138 yrd | O60: 142 yrd | S60: 144 yrd | U60: 141 yrd

Sheet Tournament 1 (2026)
A1: Player | B1: Sum of Total
A2: Shea | B2: 43
A3: Tim | B3: 33
A4: Sonat | B4: 29.5
A5: Cody | B5: 28
A6: Michael | B6: 27
A7: Lance | B7: 23.5
A8: Lindsay | B8: 17
A9: Jeremy | B9: 15
A10: Grand Total | B10: 216
A12: Tournament 1 | P12: Points | R12: *split points if tied* | T12: Closest Too
A13: Player | B13: Week 1 | C13: Points | D13: Week 2 | E13: Points | F13: Week 3 | G13: Points | H13: Week 4 | I13: Points | J13: Week 5 | K13: Points | L13: Week 6 | M13: Points | N13: Total | P13: 1st | Q13: 8 | T13: Player | U13: Week 1 | V13: Week 2 | W13: Week 3 | X13: Week 4 | Y13: Week 5 | Z13: Week 6
A14: Cody | B14: =M26 -> 37 | C14: 5 | D14: =Y26 -> 39 | E14: 4 | F14: =M39 -> 40 | G14: 5 | H14: =Y39 -> 45 | I14: 3 | J14: =M52 -> 35 | K14: 6 | L14: =Y52 -> 38 | M14: 5 | N14: =C14+E14+G14+I14+K14+M14 -> 28 | P14: 2nd | Q14: 7 | T14: Cody | U14: - | V14: - | W14: - | X14: - | Y14: - | Z14: 2.9
A15: Jeremy | B15: =M27 -> 49.5 | C15: 1 | D15: =Y27 -> 40.5 | E15: 2 | F15: =M40 -> 47.5 | G15: 2 | H15: =Y40 -> 42.5 | I15: 5 | J15: =M53 -> 40.5 | K15: 3 | L15: =Y53 -> 47.5 | M15: 2 | N15: =C15+E15+G15+I15+K15+M15 -> 15 | P15: 3rd | Q15: 6 | T15: Jeremy | U15: 9.5 | V15: - | W15: - | X15: - | Y15: - | Z15: -
A16: Lance | B16: =M28 -> 32 | C16: 8 | D16: =Y28 -> 50 | E16: 1 | F16: =M41 -> 44 | G16: 4 | H16: =Y41 -> 49 | I16: 2 | J16: =M54 -> 38 | K16: 5 | L16: =Y54 -> 42 | M16: 3.5 | N16: =C16+E16+G16+I16+K16+M16 -> 23.5 | P16: 4th | Q16: 5 | T16: Lance | U16: 7.9 | V16: - | W16: - | X16: - | Y16: - | Z16: -
A17: Shea | B17: =M29 -> 36.5 | C17: 6 | D17: =Y29 -> 34.5 | E17: 8 | F17: =M42 -> 31.5 | G17: 8 | H17: =Y42 -> 35.5 | I17: 8 | J17: =M55 -> 34.5 | K17: 7 | L17: =Y55 -> 36.5 | M17: 6 | N17: =C17+E17+G17+I17+K17+M17 -> 43 | P17: 5th | Q17: 4 | T17: Shea | U17: 3.5 | V17: - | W17: - | X17: - | Y17: 6.6 | Z17: -
A18: Michael | B18: =M30 -> 38 | C18: 3.5 | D18: =Y30 -> 37 | E18: 5 | F18: =M43 -> 38 | G18: 7 | H18: =Y43 -> 39 | I18: 6 | J18: =M56 -> 41 | K18: 2 | L18: =Y56 -> 42 | M18: 3.5 | N18: =C18+E18+G18+I18+K18+M18 -> 27 | P18: 6th | Q18: 3 | T18: Michael | U18: - | V18: - | W18: - | X18: 14.8 | Y18: - | Z18: 6.3
A19: Tim | B19: =M31 -> 39.5 | C19: 2 | D19: =Y31 -> 35.5 | E19: 7 | F19: =M44 -> 39.5 | G19: 6 | H19: =Y44 -> 37.5 | I19: 7 | J19: =M57 -> 38.5 | K19: 4 | L19: =Y57 -> 35.5 | M19: 7 | N19: =C19+E19+G19+I19+K19+M19 -> 33 | P19: 7th | Q19: 2 | T19: Tim | U19: - | V19: 9.9 | W19: 8.5 | X19: - | Y19: - | Z19: -
A20: Sonat | B20: =M32 -> 38 | C20: 3.5 | D20: =Y32 -> 40 | E20: 3 | F20: =M45 -> 46 | G20: 3 | H20: =Y45 -> 43 | I20: 4 | J20: =M58 -> 34 | K20: 8 | L20: =Y58 -> 34 | M20: 8 | N20: =C20+E20+G20+I20+K20+M20 -> 29.5 | P20: 8th | Q20: 1 | T20: Sonat | U20: 10.2 | V20: - | W20: 11.5 | X20: 14.8 | Y20: 2.9 | Z20: -
A21: Lindsay | B21: =M33 -> 36 | C21: 7 | D21: =Y33 -> 36 | E21: 6 | F21: =M46 -> -4 | G21: 1 | H21: =Y46 -> -4 | I21: 1 | J21: =M59 -> -4 | K21: 1 | L21: =Y59 -> -4 | M21: 1 | N21: =C21+E21+G21+I21+K21+M21 -> 17 | T21: Lindsay | U21: 17.4 | V21: 1.7 | W21: - | X21: - | Y21: - | Z21: 9.3
A23: Cabot Cliff | B23: 1 | C23: 2 | D23: 3 | E23: 4 | F23: 5 | G23: 6 | H23: 7 | I23: 8 | J23: 9 | K23: Total | L23: Handicap | M23: Score | N23: 10 | O23: 11 | P23: 12 | Q23: 13 | R23: 14 | S23: 15 | T23: 16 | U23: 17 | V23: 18 | W23: Total | X23: Handicap | Y23: Score
A24: Par | B24: 5 | C24: 4 | D24: 4 | E24: 3 | F24: 4 | G24: 3 | H24: 5 | I24: 5 | J24: 3 | K24: =SUM(B24:J24) -> 36 | N24: 5 | O24: 4 | P24: 3 | Q24: 4 | R24: 3 | S24: 5 | T24: 3 | U24: 4 | V24: 5 | W24: =SUM(N24:V24) -> 36
A25: Player
A26: Cody | B26: 7 | C26: 5 | D26: 7 | E26: 4 | F26: 5 | G26: 7 | H26: 10 | I26: 7 | J26: 4 | K26: =SUM(B26:J26) -> 56 | L26: 19 | M26: =K26-L26 -> 37 | N26: 7 | O26: 4 | P26: 4 | Q26: 5 | R26: 4 | S26: 7 | T26: 6 | U26: 11 | V26: 10 | W26: =SUM(N26:V26) -> 58 | X26: 19 | Y26: =W26-X26 -> 39
A27: Jeremy | B27: 10 | C27: 6 | D27: 7 | E27: 5 | F27: 6 | G27: 5 | H27: 15 | I27: 6 | J27: 3 | K27: =SUM(B27:J27) -> 63 | L27: 13.5 | M27: =K27-L27 -> 49.5 | N27: 8 | O27: 6 | P27: 3 | Q27: 5 | R27: 4 | S27: 11 | T27: 4 | U27: 7 | V27: 6 | W27: =SUM(N27:V27) -> 54 | X27: 13.5 | Y27: =W27-X27 -> 40.5
A28: Lance | B28: 6 | C28: 4 | D28: 9 | E28: 3 | F28: 4 | G28: 3 | H28: 7 | I28: 6 | J28: 3 | K28: =SUM(B28:J28) -> 45 | L28: 13 | M28: =K28-L28 -> 32 | N28: 8 | O28: 5 | P28: 6 | Q28: 5 | R28: 5 | S28: 9 | T28: 7 | U28: 9 | V28: 9 | W28: =SUM(N28:V28) -> 63 | X28: 13 | Y28: =W28-X28 -> 50
A29: Shea | B29: 5 | C29: 5 | D29: 7 | E29: 3 | F29: 4 | G29: 4 | H29: 6 | I29: 6 | J29: 3 | K29: =SUM(B29:J29) -> 43 | L29: 6.5 | M29: =K29-L29 -> 36.5 | N29: 7 | O29: 5 | P29: 3 | Q29: 4 | R29: 3 | S29: 6 | T29: 3 | U29: 5 | V29: 5 | W29: =SUM(N29:V29) -> 41 | X29: 6.5 | Y29: =W29-X29 -> 34.5
A30: Michael | B30: 7 | C30: 5 | D30: 6 | E30: 3 | F30: 5 | G30: 3 | H30: 5 | I30: 7 | J30: 3 | K30: =SUM(B30:J30) -> 44 | L30: 6 | M30: =K30-L30 -> 38 | N30: 8 | O30: 5 | P30: 3 | Q30: 5 | R30: 3 | S30: 5 | T30: 3 | U30: 4 | V30: 7 | W30: =SUM(N30:V30) -> 43 | X30: 6 | Y30: =W30-X30 -> 37
A31: Tim | B31: 7 | C31: 6 | D31: 5 | E31: 3 | F31: 5 | G31: 3 | H31: 6 | I31: 6 | J31: 4 | K31: =SUM(B31:J31) -> 45 | L31: 5.5 | M31: =K31-L31 -> 39.5 | N31: 6 | O31: 4 | P31: 4 | Q31: 3 | R31: 4 | S31: 5 | T31: 4 | U31: 5 | V31: 6 | W31: =SUM(N31:V31) -> 41 | X31: 5.5 | Y31: =W31-X31 -> 35.5
A32: Sonat | B32: 8 | C32: 5 | D32: 5 | E32: 4 | F32: 4 | G32: 3 | H32: 6 | I32: 5 | J32: 3 | K32: =SUM(B32:J32) -> 43 | L32: 5 | M32: =K32-L32 -> 38 | N32: 5 | O32: 6 | P32: 5 | Q32: 4 | R32: 4 | S32: 5 | T32: 4 | U32: 4 | V32: 8 | W32: =SUM(N32:V32) -> 45 | X32: 5 | Y32: =W32-X32 -> 40
A33: Lindsay | B33: 5 | C33: 6 | D33: 5 | E33: 2 | F33: 4 | G33: 4 | H33: 6 | I33: 5 | J33: 3 | K33: =SUM(B33:J33) -> 40 | L33: 4 | M33: =K33-L33 -> 36 | N33: 5 | O33: 4 | P33: 4 | Q33: 4 | R33: 4 | S33: 6 | T33: 2 | U33: 5 | V33: 6 | W33: =SUM(N33:V33) -> 40 | X33: 4 | Y33: =W33-X33 -> 36
G34: 153 yrd | J34: 109 yrd | P34: 200 yrd | T34: 125 yrd
A36: Whispering Pines | B36: 1 | C36: 2 | D36: 3 | E36: 4 | F36: 5 | G36: 6 | H36: 7 | I36: 8 | J36: 9 | K36: Total | L36: Handicap | M36: Score | N36: 10 | O36: 11 | P36: 12 | Q36: 13 | R36: 14 | S36: 15 | T36: 16 | U36: 17 | V36: 18 | W36: Total | X36: Handicap | Y36: Score
A37: Par | B37: 4 | C37: 5 | D37: 3 | E37: 4 | F37: 3 | G37: 4 | H37: 4 | I37: 5 | J37: 4 | K37: =SUM(B37:J37) -> 36 | N37: 3 | O37: 4 | P37: 5 | Q37: 4 | R37: 3 | S37: 4 | T37: 5 | U37: 4 | V37: 4 | W37: =SUM(N37:V37) -> 36
A38: Player
A39: Cody | B39: 6 | C39: 8 | D39: 3 | E39: 8 | F39: 4 | G39: 7 | H39: 8 | I39: 9 | J39: 6 | K39: =SUM(B39:J39) -> 59 | L39: 19 | M39: =K39-L39 -> 40 | N39: 4 | O39: 6 | P39: 7 | Q39: 8 | R39: 7 | S39: 8 | T39: 9 | U39: 6 | V39: 9 | W39: =SUM(N39:V39) -> 64 | X39: 19 | Y39: =W39-X39 -> 45
A40: Jeremy | B40: 7 | C40: 15 | D40: 4 | E40: 8 | F40: 5 | G40: 4 | H40: 5 | I40: 8 | J40: 5 | K40: =SUM(B40:J40) -> 61 | L40: 13.5 | M40: =K40-L40 -> 47.5 | N40: 3 | O40: 8 | P40: 9 | Q40: 7 | R40: 5 | S40: 4 | T40: 8 | U40: 7 | V40: 5 | W40: =SUM(N40:V40) -> 56 | X40: 13.5 | Y40: =W40-X40 -> 42.5
A41: Lance | B41: 6 | C41: 7 | D41: 4 | E41: 8 | F41: 6 | G41: 6 | H41: 7 | I41: 5 | J41: 8 | K41: =SUM(B41:J41) -> 57 | L41: 13 | M41: =K41-L41 -> 44 | N41: 5 | O41: 5 | P41: 8 | Q41: 6 | R41: 6 | S41: 6 | T41: 9 | U41: 7 | V41: 10 | W41: =SUM(N41:V41) -> 62 | X41: 13 | Y41: =W41-X41 -> 49
A42: Shea | B42: 4 | C42: 4 | D42: 4 | E42: 5 | F42: 4 | G42: 4 | H42: 5 | I42: 4 | J42: 4 | K42: =SUM(B42:J42) -> 38 | L42: 6.5 | M42: =K42-L42 -> 31.5 | N42: 4 | O42: 5 | P42: 5 | Q42: 5 | R42: 4 | S42: 4 | T42: 6 | U42: 5 | V42: 4 | W42: =SUM(N42:V42) -> 42 | X42: 6.5 | Y42: =W42-X42 -> 35.5
A43: Michael | B43: 4 | C43: 7 | D43: 4 | E43: 5 | F43: 4 | G43: 6 | H43: 5 | I43: 5 | J43: 4 | K43: =SUM(B43:J43) -> 44 | L43: 6 | M43: =K43-L43 -> 38 | N43: 4 | O43: 6 | P43: 5 | Q43: 5 | R43: 4 | S43: 6 | T43: 5 | U43: 5 | V43: 5 | W43: =SUM(N43:V43) -> 45 | X43: 6 | Y43: =W43-X43 -> 39
A44: Tim | B44: 4 | C44: 8 | D44: 4 | E44: 4 | F44: 5 | G44: 5 | H44: 5 | I44: 5 | J44: 5 | K44: =SUM(B44:J44) -> 45 | L44: 5.5 | M44: =K44-L44 -> 39.5 | N44: 2 | O44: 7 | P44: 6 | Q44: 5 | R44: 4 | S44: 4 | T44: 6 | U44: 4 | V44: 5 | W44: =SUM(N44:V44) -> 43 | X44: 5.5 | Y44: =W44-X44 -> 37.5
A45: Sonat | B45: 5 | C45: 8 | D45: 4 | E45: 5 | F45: 4 | G45: 9 | H45: 5 | I45: 6 | J45: 5 | K45: =SUM(B45:J45) -> 51 | L45: 5 | M45: =K45-L45 -> 46 | N45: 4 | O45: 5 | P45: 7 | Q45: 7 | R45: 4 | S45: 4 | T45: 7 | U45: 6 | V45: 4 | W45: =SUM(N45:V45) -> 48 | X45: 5 | Y45: =W45-X45 -> 43
A46: Lindsay | K46: =SUM(B46:J46) -> 0 | L46: 4 | M46: =K46-L46 -> -4 | W46: =SUM(N46:V46) -> 0 | X46: 4 | Y46: =W46-X46 -> -4
D47: 144 yrd | N47: 184 yrd | R47: 176 yrd
A49: Silvertip | B49: 1 | C49: 2 | D49: 3 | E49: 4 | F49: 5 | G49: 6 | H49: 7 | I49: 8 | J49: 9 | K49: Total | L49: Handicap | M49: Score | N49: 10 | O49: 11 | P49: 12 | Q49: 13 | R49: 14 | S49: 15 | T49: 16 | U49: 17 | V49: 18 | W49: Total | X49: Handicap | Y49: Score
A50: Par | B50: 4 | C50: 5 | D50: 3 | E50: 4 | F50: 4 | G50: 3 | H50: 4 | I50: 5 | J50: 4 | K50: =SUM(B50:J50) -> 36 | N50: 5 | O50: 4 | P50: 4 | Q50: 4 | R50: 5 | S50: 3 | T50: 4 | U50: 3 | V50: 4 | W50: =SUM(N50:V50) -> 36
A51: Player
A52: Cody | B52: 7 | C52: 8 | D52: 4 | E52: 6 | F52: 6 | G52: 4 | H52: 5 | I52: 8 | J52: 6 | K52: =SUM(B52:J52) -> 54 | L52: 19 | M52: =K52-L52 -> 35 | N52: 12 | O52: 6 | P52: 6 | Q52: 7 | R52: 6 | S52: 2 | T52: 5 | U52: 6 | V52: 7 | W52: =SUM(N52:V52) -> 57 | X52: 19 | Y52: =W52-X52 -> 38
A53: Jeremy | B53: 4 | C53: 9 | D53: 5 | E53: 6 | F53: 6 | G53: 5 | H53: 8 | I53: 6 | J53: 5 | K53: =SUM(B53:J53) -> 54 | L53: 13.5 | M53: =K53-L53 -> 40.5 | N53: 9 | O53: 10 | P53: 7 | Q53: 7 | R53: 6 | S53: 5 | T53: 5 | U53: 6 | V53: 6 | W53: =SUM(N53:V53) -> 61 | X53: 13.5 | Y53: =W53-X53 -> 47.5
A54: Lance | B54: 4 | C54: 6 | D54: 4 | E54: 8 | F54: 5 | G54: 4 | H54: 8 | I54: 6 | J54: 6 | K54: =SUM(B54:J54) -> 51 | L54: 13 | M54: =K54-L54 -> 38 | N54: 8 | O54: 6 | P54: 6 | Q54: 3 | R54: 10 | S54: 4 | T54: 7 | U54: 5 | V54: 6 | W54: =SUM(N54:V54) -> 55 | X54: 13 | Y54: =W54-X54 -> 42
A55: Shea | B55: 3 | C55: 6 | D55: 3 | E55: 4 | F55: 4 | G55: 3 | H55: 7 | I55: 6 | J55: 5 | K55: =SUM(B55:J55) -> 41 | L55: 6.5 | M55: =K55-L55 -> 34.5 | N55: 6 | O55: 4 | P55: 5 | Q55: 7 | R55: 5 | S55: 4 | T55: 4 | U55: 4 | V55: 4 | W55: =SUM(N55:V55) -> 43 | X55: 6.5 | Y55: =W55-X55 -> 36.5
A56: Michael | B56: 4 | C56: 5 | D56: 4 | E56: 7 | F56: 4 | G56: 5 | H56: 6 | I56: 8 | J56: 4 | K56: =SUM(B56:J56) -> 47 | L56: 6 | M56: =K56-L56 -> 41 | N56: 8 | O56: 7 | P56: 4 | Q56: 5 | R56: 6 | S56: 3 | T56: 6 | U56: 4 | V56: 5 | W56: =SUM(N56:V56) -> 48 | X56: 6 | Y56: =W56-X56 -> 42
A57: Tim | B57: 4 | C57: 6 | D57: 3 | E57: 4 | F57: 4 | G57: 4 | H57: 4 | I57: 8 | J57: 7 | K57: =SUM(B57:J57) -> 44 | L57: 5.5 | M57: =K57-L57 -> 38.5 | N57: 5 | O57: 3 | P57: 4 | Q57: 5 | R57: 6 | S57: 4 | T57: 6 | U57: 3 | V57: 5 | W57: =SUM(N57:V57) -> 41 | X57: 5.5 | Y57: =W57-X57 -> 35.5
A58: Sonat | B58: 3 | C58: 6 | D58: 2 | E58: 4 | F58: 4 | G58: 3 | H58: 6 | I58: 6 | J58: 5 | K58: =SUM(B58:J58) -> 39 | L58: 5 | M58: =K58-L58 -> 34 | N58: 5 | O58: 4 | P58: 3 | Q58: 4 | R58: 6 | S58: 4 | T58: 6 | U58: 3 | V58: 4 | W58: =SUM(N58:V58) -> 39 | X58: 5 | Y58: =W58-X58 -> 34
A59: Lindsay | K59: =SUM(B59:J59) -> 0 | L59: 4 | M59: =K59-L59 -> -4 | W59: =SUM(N59:V59) -> 0 | X59: 4 | Y59: =W59-X59 -> -4
D60: 159 yrd | G60: 170 yrd | S60: 117 yrd

Sheet Handicap Summary 2026
A1: Tournament 1 | H1: Player | I1: Handicap
A2: Player | B2: Week 1 | C2: Week 2 | D2: 2 Wk Ave | E2: Par 36 | H2: Cody | I2: 19
A3: Cody | B3: ='Wk1and2 2026'!K5 -> 55 | C3: ='Wk1and2 2026'!V5 -> 55 | D3: =(B3+C3)/2 -> 55 | E3: =D3-36 -> 19 | H3: Jeremy | I3: 13.5
A4: Jeremy | B4: ='Wk1and2 2026'!K19 -> 50 | C4: ='Wk1and2 2026'!V19 -> 49 | D4: =(B4+C4)/2 -> 49.5 | E4: =D4-36 -> 13.5 | H4: Lance | I4: 13
A5: Lance | B5: ='Wk1and2 2026'!K11 -> 50 | C5: ='Wk1and2 2026'!V11 -> 48 | D5: =(B5+C5)/2 -> 49 | E5: =D5-36 -> 13 | H5: Shea | I5: 6.5
A6: Shea | B6: ='Wk1and2 2026'!K13 -> 43 | C6: ='Wk1and2 2026'!V13 -> 42 | D6: =(B6+C6)/2 -> 42.5 | E6: =D6-36 -> 6.5 | H6: Michael | I6: 6
A7: Michael | B7: ='Wk1and2 2026'!K7 -> 44 | C7: ='Wk1and2 2026'!V7 -> 40 | D7: =(B7+C7)/2 -> 42 | E7: =D7-36 -> 6 | H7: Tim | I7: 5.5
A8: Tim | B8: ='Wk1and2 2026'!K15 -> 41 | C8: ='Wk1and2 2026'!V15 -> 42 | D8: =(B8+C8)/2 -> 41.5 | E8: =D8-36 -> 5.5 | H8: Sonat | I8: 5
A9: Sonat | B9: ='Wk1and2 2026'!K17 -> 43 | C9: ='Wk1and2 2026'!V17 -> 39 | D9: =(B9+C9)/2 -> 41 | E9: =D9-36 -> 5 | H9: Lindsay | I9: 4
A10: Lindsay | B10: ='Wk1and2 2026'!K9 -> 40 | C10: ='Wk1and2 2026'!V9 -> 40 | D10: =(B10+C10)/2 -> 40 | E10: =D10-36 -> 4

Sheet Total Prize Money Overall
A1: Overall | G1: 2026 | M1: 2025
A2: Player | B2: Tourney $ | C2: Closest Too | D2: Chip Ins | E2: Total | G2: Player | H2: Tourney $ | I2: Closest Too | J2: Chip Ins | K2: Total | M2: Player | N2: Tourney $ | O2: Closest Too | P2: Total
A3: Cody | B3: =H3+N3 -> 0 | C3: =I3+O3 -> 20 | E3: =SUM(B3:D3) -> 20 | G3: Cody | I3: 20 | K3: =SUM(H3:J3) -> 20 | M3: Cody | P3: =SUM(N3:O3) -> 0
A4: Michael | B4: =H4+N4 -> 200 | C4: =I4+O4 -> 40 | E4: =SUM(B4:D4) -> 240 | G4: Michael | H4: 200 | I4: 40 | K4: =SUM(H4:J4) -> 240 | M4: Michael | P4: =SUM(N4:O4) -> 0
A5: Lindsay | B5: =H5+N5 -> 0 | C5: =I5+O5 -> 100 | E5: =SUM(B5:D5) -> 100 | G5: Lindsay | I5: 20 | K5: =SUM(H5:J5) -> 20 | M5: Lindsay | O5: 80 | P5: =SUM(N5:O5) -> 80
A6: Lance | B6: =H6+N6 -> 0 | C6: =I6+O6 -> 0 | D6: 82 | E6: =SUM(B6:D6) -> 82 | G6: Lance | J6: 82 | K6: =SUM(H6:J6) -> 82 | M6: Lance | P6: =SUM(N6:O6) -> 0
A7: Shea | B7: =H7+N7 -> 600 | C7: =I7+O7 -> 220 | E7: =SUM(B7:D7) -> 820 | G7: Shea | H7: 200 | I7: 60 | K7: =SUM(H7:J7) -> 260 | M7: Shea | N7: 400 | O7: 160 | P7: =SUM(N7:O7) -> 560
A8: Tim | B8: =H8+N8 -> 150 | C8: =I8+O8 -> 120 | D8: 38 | E8: =SUM(B8:D8) -> 308 | G8: Tim | H8: 50 | I8: 80 | J8: 38 | K8: =SUM(H8:J8) -> 168 | M8: Tim | N8: 100 | O8: 40 | P8: =SUM(N8:O8) -> 140
A9: Sonat | B9: =H9+N9 -> 50 | C9: =I9+O9 -> 100 | D9: 16 | E9: =SUM(B9:D9) -> 166 | G9: Sonat | I9: 40 | J9: 16 | K9: =SUM(H9:J9) -> 56 | M9: Sonat | N9: 50 | O9: 60 | P9: =SUM(N9:O9) -> 110
A10: Jeremy | B10: =H10+N10 -> 250 | C10: =I10+O10 -> 40 | D10: 48.35 | E10: =SUM(B10:D10) -> 338.35 | G10: Jeremy | H10: 50 | I10: 40 | J10: 48.35 | K10: =SUM(H10:J10) -> 138.35 | M10: Jeremy | N10: 200 | P10: =SUM(N10:O10) -> 200
A11: Jordan | B11: =H11+N11 -> 0 | C11: =I11+O11 -> 20 | E11: =SUM(B11:D11) -> 20 | G11: Jordan | K11: =SUM(H11:J11) -> 0 | M11: Jordan | O11: 20 | P11: =SUM(N11:O11) -> 20
E12: =SUM(E3:E11) -> 2094.35 | K12: =SUM(K3:K11) -> 984.35 | P12: =SUM(P3:P11) -> 1110

Sheet Total Prize Money 2026
A2: Player | B2: Tourney $ | C2: Closest Too | D2: Chip Ins | E2: Total
A3: Cody | C3: 20 | E3: =SUM(B3:D3) -> 20
A4: Michael | B4: 200 | C4: 40 | E4: =SUM(B4:D4) -> 240
A5: Lindsay | C5: 20 | E5: =SUM(B5:D5) -> 20
A6: Lance | D6: 82 | E6: =SUM(B6:D6) -> 82
A7: Shea | B7: 200 | C7: 40 | E7: =SUM(B7:D7) -> 240
A8: Tim | B8: 70 | C8: 80 | D8: 38 | E8: =SUM(B8:D8) -> 188
A9: Sonat | C9: 40 | D9: 16 | E9: =SUM(B9:D9) -> 56
A10: Jeremy | B10: 50 | C10: 40 | D10: 84.35 | E10: =SUM(B10:D10) -> 174.35
A11: Jordan | E11: =SUM(B11:D11) -> 0
E12: =SUM(E3:E11) -> 1020.35

Sheet Cash Games
A1: Chip In
A2: Player | B2: Week 1 | C2: Week 2 | D2: Week 3 | E2: Week 4 | F2: Week 5 | G2: Week 6 | H2: Week 7 | I2: Week 8 | J2: Week 9 | K2: Week 10 | L2: Week 11 | M2: Week 12 | N2: Week 13 | O2: Week 14 | P2: Week 15 | Q2: Week 16 | R2: Week 17 | S2: Week 18 | T2: Week 19 | U2: Week 20
A3: Cody | B3: 2 | C3: 2 | D3: 2 | E3: 2 | F3: 2 | G3: 2 | H3: 2 | I3: 2 | J3: 2 | K3: 2 | L3: 2 | M3: 2 | N3: 2 | O3: 2 | P3: 2 | Q3: 2
A4: Michael | B4: 2 | C4: 2 | D4: 2 | E4: 2 | F4: 2 | G4: 2 | H4: 2 | I4: 2 | J4: 2 | K4: 2 | L4: 2 | M4: 2 | N4: 2 | O4: 2 | P4: 2 | Q4: 2
A5: Lindsay | B5: 2 | C5: 2 | D5: 2 | E5: 0 | F5: 0 | G5: 0 | H5: 0 | I5: 0 | J5: 0 | K5: 0 | L5: 2 | M5: 0 | N5: 2 | O5: 0 | P5: 0 | Q5: 2
A6: Lance | B6: 2.35 | C6: 2 | D6: 2 | E6: 2 | F6: 2 | G6: 2 | H6: 2 | I6: 2 | J6: 2 | K6: 0 | L6: 0 | M6: 0 | N6: 2 | O6: 0 | P6: 2 | Q6: 2
A7: Shea | B7: 2 | C7: 2 | D7: 2 | E7: 2 | F7: 2 | G7: 2 | H7: 2 | I7: 2 | J7: 2 | K7: 2 | L7: 2 | M7: 2 | N7: 2 | O7: 2 | P7: 2 | Q7: 2
A8: Tim | B8: 2 | C8: 2 | D8: 2 | E8: 2 | F8: 2 | G8: 2 | H8: 2 | I8: 2 | J8: 2 | K8: 2 | L8: 2 | M8: 2 | N8: 2 | O8: 0 | P8: 2 | Q8: 2
A9: Sonat | B9: 2 | C9: 2 | D9: 2 | E9: 2 | F9: 2 | G9: 2 | H9: 2 | I9: 2 | J9: 2 | K9: 2 | L9: 2 | M9: 2 | N9: 2 | O9: 2 | P9: 2 | Q9: 2
A10: Jeremy | B10: 2 | C10: 2 | D10: 2 | E10: 0 | F10: 2 | G10: 2 | H10: 2 | I10: 2 | J10: 2 | K10: 2 | L10: 2 | M10: 2 | N10: 2 | O10: 2 | P10: 2 | Q10: 2
B11: =SUM(B3:B10) -> 16.35 | C11: =SUM(C3:C10) -> 16 | D11: =SUM(D3:D10) -> 16 | E11: =SUM(E3:E10) -> 12 | F11: =SUM(F3:F10) -> 14 | G11: =SUM(G3:G10) -> 14 | H11: =SUM(H3:H10) -> 14 | I11: =SUM(I3:I10) -> 14 | ... U11: =SUM(U3:U10) -> 0
A12: Total | D12: =SUM(B11:D11) -> 48.35 | J12: =SUM(E11:J11) -> 82 | L12: =SUM(K11:L11) -> 26 | M12: =SUM(M11:M11) -> 12 | N12: =SUM(N11) -> 16 | Q12: =SUM(Q11) -> 16 | R12: =SUM(R11:U11) -> 0
A14: Player | B14: Hole In 1
A15: Cody | B15: 50
A16: Michael | B16: 50
A17: Lindsay | B17: 50
A18: Lance | B18: 50
A19: Shea | B19: 50
A20: Tim | B20: 50
A21: Sonat | B21: 50
A22: Jeremy | B22: 50
A23: Total | B23: =SUM(B15:B22) -> 400

Sheet Wk1and2 2026
A1: Paynes Valley Wk 1 | B1: 1 | C1: 2 | D1: 3 | E1: 4 | F1: 5 | G1: 6 | H1: 7 | I1: 8 | J1: 9 | K1: Total | L1: Handicap | M1: 10 | N1: 11 | O1: 12 | P1: 13 | Q1: 14 | R1: 15 | S1: 16 | T1: 17 | U1: 18 | V1: Total | W1: Handicap
A2: Par | B2: 4 | C2: 3 | D2: 4 | E2: 5 | F2: 3 | G2: 4 | H2: 4 | I2: 5 | J2: 4 | K2: =SUM(B2:J2) -> 36 | M2: 3 | N2: 4 | O2: 4 | P2: 5 | Q2: 4 | R2: 4 | S2: 3 | T2: 4 | U2: 5 | V2: =SUM(M2:U2) -> 36
A3: Player
A4: Cody | B4: 6 | C4: 4 | D4: 6 | E4: 7 | F4: 5 | G4: 6 | H4: 6 | I4: 7 | J4: 8 | K4: =SUM(B4:J4) -> 55 | M4: 3 | N4: 10 | O4: 4 | P4: 10 | Q4: 6 | R4: 6 | S4: 4 | T4: 7 | U4: 7 | V4: =SUM(M4:U4) -> 57
A5: Adjusted HC | B5: =IF(B4>B2*2,B2*2,B4) -> 6 | C5: =IF(C4>C2*2,C2*2,C4) -> 4 | D5: =IF(D4>D2*2,D2*2,D4) -> 6 | E5: =IF(E4>E2*2,E2*2,E4) -> 7 | F5: =IF(F4>F2*2,F2*2,F4) -> 5 | G5: =IF(G4>G2*2,G2*2,G4) -> 6 | H5: =IF(H4>H2*2,H2*2,H4) -> 6 | I5: =IF(I4>I2*2,I2*2,I4) -> 7 | J5: =IF(J4>J2*2,J2*2,J4) -> 8 | K5: =SUM(B5:J5) -> 55 | L5: =K5-K2 -> 19 | M5: =IF(M4>M2*2,M2*2,M4) -> 3 | N5: =IF(N4>N2*2,N2*2,N4) -> 8 | O5: =IF(O4>O2*2,O2*2,O4) -> 4 | P5: =IF(P4>P2*2,P2*2,P4) -> 10 | Q5: =IF(Q4>Q2*2,Q2*2,Q4) -> 6 | R5: =IF(R4>R2*2,R2*2,R4) -> 6 | S5: =IF(S4>S2*2,S2*2,S4) -> 4 | T5: =IF(T4>T2*2,T2*2,T4) -> 7 | U5: =IF(U4>U2*2,U2*2,U4) -> 7 | V5: =SUM(M5:U5) -> 55 | W5: =V5-V2 -> 19
A6: Michael | B6: 5 | C6: 5 | D6: 4 | E6: 6 | F6: 3 | G6: 5 | H6: 6 | I6: 5 | J6: 5 | K6: =SUM(B6:J6) -> 44 | M6: 4 | N6: 4 | O6: 4 | P6: 6 | Q6: 4 | R6: 5 | S6: 3 | T6: 5 | U6: 5 | V6: =SUM(M6:U6) -> 40
A7: Adjusted HC | B7: =IF(B6>B2*2,B2*2,B6) -> 5 | C7: =IF(C6>C2*2,C2*2,C6) -> 5 | D7: =IF(D6>D2*2,D2*2,D6) -> 4 | E7: =IF(E6>E2*2,E2*2,E6) -> 6 | F7: =IF(F6>F2*2,F2*2,F6) -> 3 | G7: =IF(G6>G2*2,G2*2,G6) -> 5 | H7: =IF(H6>H2*2,H2*2,H6) -> 6 | I7: =IF(I6>I2*2,I2*2,I6) -> 5 | J7: =IF(J6>J2*2,J2*2,J6) -> 5 | K7: =SUM(B7:J7) -> 44 | L7: =K7-K2 -> 8 | M7: =IF(M6>M2*2,M2*2,M6) -> 4 | N7: =IF(N6>N2*2,N2*2,N6) -> 4 | O7: =IF(O6>O2*2,O2*2,O6) -> 4 | P7: =IF(P6>P2*2,P2*2,P6) -> 6 | Q7: =IF(Q6>Q2*2,Q2*2,Q6) -> 4 | R7: =IF(R6>R2*2,R2*2,R6) -> 5 | S7: =IF(S6>S2*2,S2*2,S6) -> 3 | T7: =IF(T6>T2*2,T2*2,T6) -> 5 | U7: =IF(U6>U2*2,U2*2,U6) -> 5 | V7: =SUM(M7:U7) -> 40 | W7: =V7-V2 -> 4
A8: Lindsay | B8: 5 | C8: 4 | D8: 3 | E8: 6 | F8: 3 | G8: 5 | H8: 4 | I8: 5 | J8: 5 | K8: =SUM(B8:J8) -> 40 | M8: 3 | N8: 5 | O8: 3 | P8: 6 | Q8: 5 | R8: 5 | S8: 3 | T8: 5 | U8: 5 | V8: =SUM(M8:U8) -> 40
A9: Adjusted HC | B9: =IF(B8>B2*2,B2*2,B8) -> 5 | C9: =IF(C8>C2*2,C2*2,C8) -> 4 | D9: =IF(D8>D2*2,D2*2,D8) -> 3 | E9: =IF(E8>E2*2,E2*2,E8) -> 6 | F9: =IF(F8>F2*2,F2*2,F8) -> 3 | G9: =IF(G8>G2*2,G2*2,G8) -> 5 | H9: =IF(H8>H2*2,H2*2,H8) -> 4 | I9: =IF(I8>I2*2,I2*2,I8) -> 5 | J9: =IF(J8>J2*2,J2*2,J8) -> 5 | K9: =SUM(B9:J9) -> 40 | L9: =K9-K2 -> 4 | M9: =IF(M8>M2*2,M2*2,M8) -> 3 | N9: =IF(N8>N2*2,N2*2,N8) -> 5 | O9: =IF(O8>O2*2,O2*2,O8) -> 3 | P9: =IF(P8>P2*2,P2*2,P8) -> 6 | Q9: =IF(Q8>Q2*2,Q2*2,Q8) -> 5 | R9: =IF(R8>R2*2,R2*2,R8) -> 5 | S9: =IF(S8>S2*2,S2*2,S8) -> 3 | T9: =IF(T8>T2*2,T2*2,T8) -> 5 | U9: =IF(U8>U2*2,U2*2,U8) -> 5 | V9: =SUM(M9:U9) -> 40 | W9: =V9-V2 -> 4
A10: Lance | B10: 6 | C10: 4 | D10: 4 | E10: 7 | F10: 4 | G10: 6 | H10: 8 | I10: 6 | J10: 5 | K10: =SUM(B10:J10) -> 50 | M10: 5 | N10: 5 | O10: 4 | P10: 6 | Q10: 5 | R10: 6 | S10: 4 | T10: 7 | U10: 6 | V10: =SUM(M10:U10) -> 48
A11: Adjusted HC | B11: =IF(B10>B2*2,B2*2,B10) -> 6 | C11: =IF(C10>C2*2,C2*2,C10) -> 4 | D11: =IF(D10>D2*2,D2*2,D10) -> 4 | E11: =IF(E10>E2*2,E2*2,E10) -> 7 | F11: =IF(F10>F2*2,F2*2,F10) -> 4 | G11: =IF(G10>G2*2,G2*2,G10) -> 6 | H11: =IF(H10>H2*2,H2*2,H10) -> 8 | I11: =IF(I10>I2*2,I2*2,I10) -> 6 | J11: =IF(J10>J2*2,J2*2,J10) -> 5 | K11: =SUM(B11:J11) -> 50 | L11: =K11-K2 -> 14 | M11: =IF(M10>M2*2,M2*2,M10) -> 5 | N11: =IF(N10>N2*2,N2*2,N10) -> 5 | O11: =IF(O10>O2*2,O2*2,O10) -> 4 | P11: =IF(P10>P2*2,P2*2,P10) -> 6 | Q11: =IF(Q10>Q2*2,Q2*2,Q10) -> 5 | R11: =IF(R10>R2*2,R2*2,R10) -> 6 | S11: =IF(S10>S2*2,S2*2,S10) -> 4 | T11: =IF(T10>T2*2,T2*2,T10) -> 7 | U11: =IF(U10>U2*2,U2*2,U10) -> 6 | V11: =SUM(M11:U11) -> 48 | W11: =V11-V2 -> 12
A12: Shea | B12: 5 | C12: 4 | D12: 6 | E12: 5 | F12: 6 | G12: 4 | H12: 5 | I12: 4 | J12: 4 | K12: =SUM(B12:J12) -> 43 | M12: 3 | N12: 4 | O12: 5 | P12: 7 | Q12: 4 | R12: 5 | S12: 4 | T12: 5 | U12: 5 | V12: =SUM(M12:U12) -> 42
A13: Adjusted HC | B13: =IF(B12>B2*2,B2*2,B12) -> 5 | C13: =IF(C12>C2*2,C2*2,C12) -> 4 | D13: =IF(D12>D2*2,D2*2,D12) -> 6 | E13: =IF(E12>E2*2,E2*2,E12) -> 5 | F13: =IF(F12>F2*2,F2*2,F12) -> 6 | G13: =IF(G12>G2*2,G2*2,G12) -> 4 | H13: =IF(H12>H2*2,H2*2,H12) -> 5 | I13: =IF(I12>I2*2,I2*2,I12) -> 4 | J13: =IF(J12>J2*2,J2*2,J12) -> 4 | K13: =SUM(B13:J13) -> 43 | L13: =K13-K2 -> 7 | M13: =IF(M12>M2*2,M2*2,M12) -> 3 | N13: =IF(N12>N2*2,N2*2,N12) -> 4 | O13: =IF(O12>O2*2,O2*2,O12) -> 5 | P13: =IF(P12>P2*2,P2*2,P12) -> 7 | Q13: =IF(Q12>Q2*2,Q2*2,Q12) -> 4 | R13: =IF(R12>R2*2,R2*2,R12) -> 5 | S13: =IF(S12>S2*2,S2*2,S12) -> 4 | T13: =IF(T12>T2*2,T2*2,T12) -> 5 | U13: =IF(U12>U2*2,U2*2,U12) -> 5 | V13: =SUM(M13:U13) -> 42 | W13: =V13-V2 -> 6
A14: Tim | B14: 5 | C14: 4 | D14: 5 | E14: 5 | F14: 3 | G14: 5 | H14: 4 | I14: 5 | J14: 5 | K14: =SUM(B14:J14) -> 41 | M14: 3 | N14: 4 | O14: 5 | P14: 6 | Q14: 4 | R14: 5 | S14: 4 | T14: 6 | U14: 5 | V14: =SUM(M14:U14) -> 42
A15: Adjusted HC | B15: =IF(B14>B2*2,B2*2,B14) -> 5 | C15: =IF(C14>C2*2,C2*2,C14) -> 4 | D15: =IF(D14>D2*2,D2*2,D14) -> 5 | E15: =IF(E14>E2*2,E2*2,E14) -> 5 | F15: =IF(F14>F2*2,F2*2,F14) -> 3 | G15: =IF(G14>G2*2,G2*2,G14) -> 5 | H15: =IF(H14>H2*2,H2*2,H14) -> 4 | I15: =IF(I14>I2*2,I2*2,I14) -> 5 | J15: =IF(J14>J2*2,J2*2,J14) -> 5 | K15: =SUM(B15:J15) -> 41 | L15: =K15-K2 -> 5 | M15: =IF(M14>M2*2,M2*2,M14) -> 3 | N15: =IF(N14>N2*2,N2*2,N14) -> 4 | O15: =IF(O14>O2*2,O2*2,O14) -> 5 | P15: =IF(P14>P2*2,P2*2,P14) -> 6 | Q15: =IF(Q14>Q2*2,Q2*2,Q14) -> 4 | R15: =IF(R14>R2*2,R2*2,R14) -> 5 | S15: =IF(S14>S2*2,S2*2,S14) -> 4 | T15: =IF(T14>T2*2,T2*2,T14) -> 6 | U15: =IF(U14>U2*2,U2*2,U14) -> 5 | V15: =SUM(M15:U15) -> 42 | W15: =V15-V2 -> 6
A16: Sonat | B16: 5 | C16: 3 | D16: 5 | E16: 5 | F16: 3 | G16: 6 | H16: 6 | I16: 6 | J16: 4 | K16: =SUM(B16:J16) -> 43 | M16: 3 | N16: 4 | O16: 3 | P16: 4 | Q16: 6 | R16: 5 | S16: 3 | T16: 5 | U16: 6 | V16: =SUM(M16:U16) -> 39
A17: Adjusted HC | B17: =IF(B16>B2*2,B2*2,B16) -> 5 | C17: =IF(C16>C2*2,C2*2,C16) -> 3 | D17: =IF(D16>D2*2,D2*2,D16) -> 5 | E17: =IF(E16>E2*2,E2*2,E16) -> 5 | F17: =IF(F16>F2*2,F2*2,F16) -> 3 | G17: =IF(G16>G2*2,G2*2,G16) -> 6 | H17: =IF(H16>H2*2,H2*2,H16) -> 6 | I17: =IF(I16>I2*2,I2*2,I16) -> 6 | J17: =IF(J16>J2*2,J2*2,J16) -> 4 | K17: =SUM(B17:J17) -> 43 | L17: =K17-K2 -> 7 | M17: =IF(M16>M2*2,M2*2,M16) -> 3 | N17: =IF(N16>N2*2,N2*2,N16) -> 4 | O17: =IF(O16>O2*2,O2*2,O16) -> 3 | P17: =IF(P16>P2*2,P2*2,P16) -> 4 | Q17: =IF(Q16>Q2*2,Q2*2,Q16) -> 6 | R17: =IF(R16>R2*2,R2*2,R16) -> 5 | S17: =IF(S16>S2*2,S2*2,S16) -> 3 | T17: =IF(T16>T2*2,T2*2,T16) -> 5 | U17: =IF(U16>U2*2,U2*2,U16) -> 6 | V17: =SUM(M17:U17) -> 39 | W17: =V17-V2 -> 3
A18: Jeremy | B18: 6 | C18: 5 | D18: 5 | E18: 8 | F18: 4 | G18: 5 | H18: 5 | I18: 6 | J18: 6 | K18: =SUM(B18:J18) -> 50 | M18: 5 | N18: 4 | O18: 5 | P18: 7 | Q18: 5 | R18: 6 | S18: 4 | T18: 7 | U18: 6 | V18: =SUM(M18:U18) -> 49
A19: Adjusted HC | B19: =IF(B18>B2*2,B2*2,B18) -> 6 | C19: =IF(C18>C2*2,C2*2,C18) -> 5 | D19: =IF(D18>D2*2,D2*2,D18) -> 5 | E19: =IF(E18>E2*2,E2*2,E18) -> 8 | F19: =IF(F18>F2*2,F2*2,F18) -> 4 | G19: =IF(G18>G2*2,G2*2,G18) -> 5 | H19: =IF(H18>H2*2,H2*2,H18) -> 5 | I19: =IF(I18>I2*2,I2*2,I18) -> 6 | J19: =IF(J18>J2*2,J2*2,J18) -> 6 | K19: =SUM(B19:J19) -> 50 | L19: =K19-K2 -> 14 | M19: =IF(M18>M2*2,M2*2,M18) -> 5 | N19: =IF(N18>N2*2,N2*2,N18) -> 4 | O19: =IF(O18>O2*2,O2*2,O18) -> 5 | P19: =IF(P18>P2*2,P2*2,P18) -> 7 | Q19: =IF(Q18>Q2*2,Q2*2,Q18) -> 5 | R19: =IF(R18>R2*2,R2*2,R18) -> 6 | S19: =IF(S18>S2*2,S2*2,S18) -> 4 | T19: =IF(T18>T2*2,T2*2,T18) -> 7 | U19: =IF(U18>U2*2,U2*2,U18) -> 6 | V19: =SUM(M19:U19) -> 49 | W19: =V19-V2 -> 13
C20: 196 yrd | F20: 120 yrd | M20: 139 yrd | S20: 172 yrd
A22: Closest Too
A23: Player | B23: Week 1 | C23: Week 2
A24: Cody | B24: - | C24: -
A25: Michael | B25: - | C25: 15.1
A26: Lindsay | B26: - | C26: -
A27: Lance | B27: - | C27: -
A28: Shea | B28: - | C28: -
A29: Tim | B29: 11.8 | C29: 14.5
A30: Sonat | B30: 18.8 | C30: -
A31: Jeremy | B31: - | C31: -

Sheet New Adj Cap 2026
A1: Player | B1: Week 1 | C1: Week 2 | D1: Week 3 | E1: Week 4 | F1: Week 5 | G1: Week 6 | H1: Week 7 | I1: Week 8 | J1: total | K1: rounds | L1: Ave 9 score | M1: new cap | N1: old
A2: Cody | B2: ='Wk1and2 2026'!K4 -> 55 | C2: ='Wk1and2 2026'!V4 -> 57 | D2: 56 | E2: 58 | F2: 59 | G2: 64 | H2: 54 | I2: 57 | J2: =SUM(B2:I2) -> 460 | K2: 8 | L2: =J2/K2 -> 57.5 | M2: =L2-E12 -> 21.5 | N2: 19
A3: Jeremy | B3: ='Wk1and2 2026'!K18 -> 50 | C3: ='Wk1and2 2026'!V18 -> 49 | D3: 63 | E3: 54 | F3: 61 | G3: 56 | H3: 54 | I3: 61 | J3: =SUM(B3:I3) -> 448 | K3: 8 | L3: =J3/K3 -> 56 | M3: =L3-E12 -> 20 | N3: 13.5
A4: Lance | B4: ='Wk1and2 2026'!K10 -> 50 | C4: ='Wk1and2 2026'!V10 -> 48 | D4: 45 | E4: 63 | F4: 57 | G4: 62 | H4: 51 | I4: 55 | J4: =SUM(B4:I4) -> 431 | K4: 8 | L4: =J4/K4 -> 53.875 | M4: =L4-E12 -> 17.875 | N4: 13
A5: Shea | B5: ='Wk1and2 2026'!K12 -> 43 | C5: ='Wk1and2 2026'!V12 -> 42 | D5: 43 | E5: 41 | F5: 38 | G5: 42 | H5: 41 | I5: 43 | J5: =SUM(B5:I5) -> 333 | K5: 8 | L5: =J5/K5 -> 41.625 | M5: =L5-E12 -> 5.625 | N5: 6.5
A6: Michael | B6: ='Wk1and2 2026'!K6 -> 44 | C6: ='Wk1and2 2026'!V6 -> 40 | D6: 44 | E6: 43 | F6: 44 | G6: 45 | H6: 47 | I6: 48 | J6: =SUM(B6:I6) -> 355 | K6: 8 | L6: =J6/K6 -> 44.375 | M6: =L6-E12 -> 8.375 | N6: 6
A7: Tim | B7: ='Wk1and2 2026'!K14 -> 41 | C7: ='Wk1and2 2026'!V14 -> 42 | D7: 45 | E7: 41 | F7: 45 | G7: 43 | H7: 44 | I7: 41 | J7: =SUM(B7:I7) -> 342 | K7: 8 | L7: =J7/K7 -> 42.75 | M7: =L7-E12 -> 6.75 | N7: 5.5
A8: Sonat | B8: ='Wk1and2 2026'!K16 -> 43 | C8: ='Wk1and2 2026'!V16 -> 39 | D8: 43 | E8: 45 | F8: 51 | G8: 48 | H8: 39 | I8: 39 | J8: =SUM(B8:I8) -> 347 | K8: 8 | L8: =J8/K8 -> 43.375 | M8: =L8-E12 -> 7.375 | N8: 5
A9: Lindsay | B9: ='Wk1and2 2026'!K8 -> 40 | C9: ='Wk1and2 2026'!V8 -> 40 | D9: 40 | E9: 40 | F9: 0 | G9: 0 | H9: 0 | I9: 0 | J9: =SUM(B9:I9) -> 160 | K9: 4 | L9: =J9/K9 -> 40 | M9: =L9-E12 -> 4 | N9: 4
D12: Ave 9 hole | E12: 36
A14: Player | B14: Week 1 | C14: Week 2 | D14: Week 3 | E14: Week 4 | F14: Week 5 | G14: Week 6 | H14: Week 7 | I14: Week 8 | J14: Week 9 | K14: Week 10 | L14: Week 11 | M14: Week 12 | N14: Week 13 | O14: Week 14 | P14: total | Q14: rounds | R14: ave 9 score | S14: new cap | T14: old
A15: Cody | B15: 55 | C15: 57 | D15: 56 | E15: 58 | F15: 59 | G15: 64 | H15: 54 | I15: 57 | J15: 60 | K15: 57 | L15: 56 | M15: 54 | N15: 58 | O15: 41 | P15: =SUM(B15:O15) -> 786 | Q15: 14 | R15: =P15/Q15 -> 56.142857 | S15: 21 | T15: 22
A16: Jeremy | B16: 50 | C16: 49 | D16: 63 | E16: 54 | F16: 61 | G16: 56 | H16: 54 | I16: 61 | J16: 55 | K16: 57 | L16: 55 | M16: 56 | N16: 51 | O16: 49 | P16: =SUM(B16:O16) -> 771 | Q16: 14 | R16: =P16/Q16 -> 55.071429 | S16: 20 | T16: 20
A17: Lance | B17: 50 | C17: 48 | D17: 45 | E17: 63 | F17: 57 | G17: 62 | H17: 51 | I17: 55 | J17: 50 | K17: 58 | L17: 57 | M17: 59 | N17: 55 | O17: 44 | P17: =SUM(B17:O17) -> 754 | Q17: 14 | R17: =P17/Q17 -> 53.857143 | S17: 18 | T17: 18
A18: Shea | B18: 43 | C18: 42 | D18: 43 | E18: 41 | F18: 38 | G18: 42 | H18: 41 | I18: 43 | J18: 42 | K18: 39 | L18: 43 | M18: 36 | N18: 40 | O18: 39 | P18: =SUM(B18:O18) -> 572 | Q18: 14 | R18: =P18/Q18 -> 40.857143 | S18: 5 | T18: 6
A19: Michael | B19: 44 | C19: 40 | D19: 44 | E19: 43 | F19: 44 | G19: 45 | H19: 47 | I19: 48 | J19: 43 | K19: 48 | L19: 38 | M19: 41 | N19: 40 | O19: 37 | P19: =SUM(B19:O19) -> 602 | Q19: 14 | R19: =P19/Q19 -> 43 | S19: 7 | T19: 8
A20: Tim | B20: 41 | C20: 42 | D20: 45 | E20: 41 | F20: 45 | G20: 43 | H20: 44 | I20: 41 | J20: 46 | K20: 41 | L20: 39 | M20: 44 | N20: 41 | O20: 43 | P20: =SUM(B20:O20) -> 596 | Q20: 14 | R20: =P20/Q20 -> 42.571429 | S20: 7 | T20: 7
A21: Sonat | B21: 43 | C21: 39 | D21: 43 | E21: 45 | F21: 51 | G21: 48 | H21: 39 | I21: 39 | J21: 43 | K21: 46 | L21: 44 | M21: 38 | N21: 44 | O21: 37 | P21: =SUM(B21:O21) -> 599 | Q21: 14 | R21: =P21/Q21 -> 42.785714 | S21: 7 | T21: 7
A22: Lindsay | B22: 40 | C22: 40 | D22: 40 | E22: 40 | F22: 0 | G22: 0 | H22: 0 | I22: 0 | J22: 0 | K22: 0 | L22: 0 | M22: 0 | N22: 42 | O22: 0 | P22: =SUM(B22:O22) -> 202 | Q22: 5 | R22: =P22/Q22 -> 40.4 | S22: 5 | T22: 4
D24: Ave 9 hole | E24: 35.6

Sheet Total Prize Money 2025
A2: Player | B2: Tourney $ | C2: Closest Too | D2: Total
A3: Cody | D3: =SUM(B3:C3) -> 0
A4: Lindsay | C4: 80 | D4: =SUM(B4:C4) -> 80
A5: Lance | D5: =SUM(B5:C5) -> 0
A6: Shea | B6: 400 | C6: 160 | D6: =SUM(B6:C6) -> 560
A7: Tim | B7: 100 | C7: 40 | D7: =SUM(B7:C7) -> 140
A8: Sonat | B8: 50 | C8: 60 | D8: =SUM(B8:C8) -> 110
A9: Jeremy | B9: 200 | D9: =SUM(B9:C9) -> 200
A10: Jordan | C10: 20 | D10: =SUM(B10:C10) -> 20
D11: =SUM(D3:D10) -> 1110

Sheet Leaderboard 2025
A1: Player | B1: Sum of Total
A2: Tim | B2: 96
A3: Jeremy | B3: 94.5
A4: Sonat | B4: 94
A5: Shea | B5: 90.5
A6: Cody | B6: 76
A7: Lance | B7: 70
A8: Jordan | B8: 62
A9: Lindsay | B9: 59
A10: Grand Total | B10: 642
A12: Tournament 1 | P12: Closest Too
A13: Player | B13: Week 1 | C13: Points | D13: Week 2 | E13: Points | F13: Week 3 | G13: Points | H13: Week 4 | I13: Points | J13: Week 5 | K13: Points | L13: Week 6 | M13: Points | N13: Total | P13: Player | Q13: Total | R13: Week 1 | S13: Week 2 | T13: Week 3 | U13: Week 4 | V13: Week 5 | W13: Week 6 | X13: Week 7 | Y13: Week 8 | Z13: Week 9 | AA13: Week 10 | AB13: Week 11 | AC13: Week 12 | AD13: Week 13 | AE13: Week 14 | AF13: Week 15 | AG13: Week 16 | AH13: Week 17 | AI13: Week 18
A14: Cody | B14: 38.5 | C14: 3 | D14: -25.5 | E14: 1 | F14: -25.5 | G14: 1 | H14: 34.5 | I14: 6 | J14: 27.5 | K14: 8 | L14: 30.5 | M14: 7 | N14: 26 | P14: Cody | Q14: 0 | R14: - | S14: - | T14: - | U14: - | V14: - | W14: - | X14: - | Y14: - | Z14: - | AA14: - | AB14: - | AC14: - | AF14: - | AH14: - | AI14: -
A15: Jordan | B15: 32.5 | C15: 6 | D15: 41.5 | E15: 2 | F15: 38.5 | G15: 2 | H15: -10.5 | I15: 1 | J15: 47.5 | K15: 3 | L15: -10.5 | M15: 1 | N15: 15 | P15: Jordan | Q15: 1 | R15: 6.5 | S15: - | T15: - | U15: - | V15: - | W15: - | X15: - | Y15: - | Z15: - | AA15: - | AB15: - | AC15: - | AF15: - | AH15: 11.5 | AI15: 15.6
A16: Lindsay | B16: 36 | C16: 5 | D16: 37 | E16: 5 | F16: 32 | G16: 4 | H16: 35 | I16: 5 | J16: 34 | K16: 5.5 | L16: 34 | M16: 2.5 | N16: 27 | P16: Lindsay | Q16: 4 | R16: - | S16: - | T16: 10.7 | U16: - | V16: - | W16: 9.5 | X16: 9.9 | Y16: - | Z16: - | AA16: 20 | AB16: 8.2 | AC16: - | AF16: - | AI16: -
A17: Lance | B17: 40 | C17: 2 | D17: 39 | E17: 4 | F17: 38 | G17: 3 | H17: 38 | I17: 2 | J17: 34 | K17: 5.5 | L17: 34 | M17: 2.5 | N17: 19 | P17: Lance | Q17: 0 | R17: - | S17: - | T17: - | U17: - | V17: - | W17: - | X17: - | Y17: - | Z17: - | AA17: - | AB17: - | AC17: - | AF17: - | AH17: 17.7 | AI17: -
A18: Shea | B18: 31.5 | C18: 7 | D18: 29.5 | E18: 8 | F18: 25.5 | G18: 8 | H18: 28.5 | I18: 8 | J18: -12.5 | K18: 1 | L18: 28.5 | M18: 8 | N18: 40 | P18: Shea | Q18: 8 | R18: - | S18: - | T18: 7.8 | U18: 20.6 | V18: - | W18: - | X18: - | Y18: 6.3 | Z18: 8 | AA18: 4.2 | AB18: - | AC18: - | AF18: 11.9 | AH18: 6.1 | AI18: 12.9
A19: Tim | B19: 30 | C19: 8 | D19: 33 | E19: 7 | F19: 30 | G19: 5 | H19: 34 | I19: 7 | J19: -12 | K19: 1 | L19: 32 | M19: 5 | N19: 33 | P19: Tim | Q19: 2 | R19: 17.9 | S19: - | T19: 11.7 | U19: - | V19: - | W19: - | X19: - | Y19: 8.3 | Z19: 12 | AA19: - | AB19: 8.8 | AC19: 10.9 | AF19: - | AH19: - | AI19: -
A20: Sonat | B20: 36.5 | C20: 4 | D20: 33.5 | E20: 6 | F20: 26.5 | G20: 7 | H20: 37.5 | I20: 4 | J20: 30.5 | K20: 7 | L20: 32.5 | M20: 4 | N20: 32 | P20: Sonat | Q20: 3 | R20: - | S20: - | T20: - | U20: - | V20: winner | W20: - | X20: 21.3 | Y20: 8.7 | Z20: - | AA20: - | AB20: 4.6 | AC20: - | AF20: 13.2 | AH20: 0,9 | AI20: -
A21: Jeremy | B21: -23 | C21: 1 | D21: 39 | E21: 3 | F21: 29 | G21: 6 | H21: 38 | I21: 3 | J21: 46 | K21: 4 | L21: 31 | M21: 6 | N21: 23 | P21: Jeremy | Q21: 0 | R21: - | S21: - | T21: - | U21: - | V21: - | W21: - | X21: - | Y21: - | Z21: - | AA21: - | AB21: - | AC21: - | AF21: - | AH21: - | AI21: -
A23: Tournament 2
A24: Player | B24: Week 1 | C24: Points | D24: Week 2 | E24: Points | F24: Week 3 | G24: Points | H24: Week 4 | I24: Points | J24: Week 5 | K24: Points | L24: Week 6 | M24: Points | N24: Total
A25: Cody | B25: 40 | C25: 2.5 | D25: 39 | E25: 3 | F25: 31 | G25: 5.5 | H25: 36 | I25: 3.5 | J25: 34 | K25: 5 | L25: 37 | M25: 6 | N25: =C25+E25+G25+I25+K25+M25 -> 25.5
A26: Jordan | B26: 35 | C26: 6 | D26: 27 | E26: 8 | F26: 37 | G26: 3 | H26: 33 | I26: 6.5 | J26: -14 | K26: 1 | L26: -14 | M26: 1 | N26: =C26+E26+G26+I26+K26+M26 -> 25.5
A27: Lindsay | B27: 40 | C27: 2.5 | D27: -6 | E27: 1 | F27: -6 | G27: 1 | H27: 41 | I27: 1 | J27: 39 | K27: 3 | L27: -6 | M27: 1 | N27: =C27+E27+G27+I27+K27+M27 -> 9.5
A28: Lance | B28: 27 | C28: 8 | D28: 29 | E28: 7 | F28: -24 | G28: 1 | H28: 26 | I28: 8 | J28: -24 | K28: 1 | L28: -24 | M28: 1 | N28: =C28+E28+G28+I28+K28+M28 -> 26
A29: Shea | B29: 37 | C29: 4 | D29: 32 | E29: 6 | F29: 30 | G29: 7 | H29: 33 | I29: 6.5 | J29: 37 | K29: 4 | L29: 39 | M29: 5 | N29: =C29+E29+G29+I29+K29+M29 -> 32.5
A30: Tim | B30: 29 | C30: 7 | D30: 33 | E30: 4.5 | F30: 32 | G30: 4 | H30: 37 | I30: 2 | J30: 31 | K30: 6 | L30: 33 | M30: 8 | N30: =C30+E30+G30+I30+K30+M30 -> 31.5
A31: Sonat | B31: 36 | C31: 5 | D31: 33 | E31: 4.5 | F31: 31 | G31: 5.5 | H31: 36 | I31: 3.5 | J31: 29 | K31: 8 | L31: 42 | M31: 4 | N31: =C31+E31+G31+I31+K31+M31 -> 30.5
A32: Jeremy | B32: -25 | C32: 1 | D32: 48 | E32: 2 | F32: 29 | G32: 8 | H32: 35 | I32: 5 | J32: 30 | K32: 7 | L32: 34 | M32: 7 | N32: =C32+E32+G32+I32+K32+M32 -> 30
A34: Tournament 3
A35: Player | B35: Week 1 | C35: Points | D35: Week 2 | E35: Points | F35: Week 3 | G35: Points | H35: Week 4 | I35: Points | J35: Week 5 | K35: Points | L35: Week 6 | M35: Points | N35: Total
A36: Cody | B36: 49.708333 | C36: 2 | D36: 38.708333 | E36: 3 | F36: 34.708333 | G36: 6 | H36: 47.708333 | I36: 3 | J36: 29.708333 | K36: 6 | L36: 34.708333 | M36: 4.5 | N36: =C36+E36+G36+I36+K36+M36 -> 24.5
A37: Jordan | B37: 43.325 | C37: 4 | D37: 31.325 | E37: 7 | F37: 46.325 | G37: 1 | H37: 50.325 | I37: 1.5 | J37: 31.325 | K37: 5 | L37: 36.325 | M37: 3 | N37: =C37+E37+G37+I37+K37+M37 -> 21.5
A38: Lindsay | B38: 36.534091 | C38: 6 | D38: 35.534091 | E38: 4.5 | F38: 35.534091 | G38: 5 | H38: 40.534091 | I38: 5 | J38: -7.4659091 | K38: 1 | L38: -7.4659091 | M38: 1 | N38: =C38+E38+G38+I38+K38+M38 -> 22.5
A39: Lance | B39: 36.443182 | C39: 7 | D39: 53.443182 | E39: 2 | F39: 31.443182 | G39: 7 | H39: 50.443182 | I39: 1.5 | J39: 34.443182 | K39: 3 | L39: 35.443182 | M39: 4.5 | N39: =C39+E39+G39+I39+K39+M39 -> 25
A40: Shea | B40: -7.375 | C40: 1 | D40: -7.375 | E40: 1 | F40: 36.625 | G40: 4 | H40: 38.625 | I40: 6 | J40: 31.625 | K40: 4 | L40: 37.625 | M40: 2 | N40: =C40+E40+G40+I40+K40+M40 -> 18
A41: Tim | B41: 35.240385 | C41: 8 | D41: 36.240385 | E41: 4.5 | F41: 40.240385 | G41: 2 | H41: 37.240385 | I41: 8 | J41: 36.240385 | K41: 2 | L41: 31.240385 | M41: 7 | N41: =C41+E41+G41+I41+K41+M41 -> 31.5
A42: Sonat | B42: 38.767857 | C42: 5 | D42: 34.767857 | E42: 6 | F42: 38.767857 | G42: 3 | H42: 41.767857 | I42: 4 | J42: 26.767857 | K42: 7.5 | L42: 31.767857 | M42: 6 | N42: =C42+E42+G42+I42+K42+M42 -> 31.5
A43: Jeremy | B43: 47.041667 | C43: 3 | D43: 27.041667 | E43: 8 | F43: 30.041667 | G43: 8 | H43: 38.041667 | I43: 7 | J43: 27.041667 | K43: 7.5 | L43: 28.041667 | M43: 8 | N43: =C43+E43+G43+I43+K43+M43 -> 41.5

Sheet Tournament 1
A1: Player | B1: Sum of Total
A2: Shea | B2: 40
A3: Tim | B3: 33
A4: Sonat | B4: 32
A5: Lindsay | B5: 27
A6: Cody | B6: 26
A7: Jeremy | B7: 23
A8: Lance | B8: 19
A9: Jordan | B9: 15
A10: Grand Total | B10: 215
A12: Tournament 1 | P12: Points | R12: *split points if tied* | T12: Closest Too
A13: Player | B13: Week 1 | C13: Points | D13: Week 2 | E13: Points | F13: Week 3 | G13: Points | H13: Week 4 | I13: Points | J13: Week 5 | K13: Points | L13: Week 6 | M13: Points | N13: Total | P13: 1st | Q13: 8 | T13: Player | U13: Week 1 | V13: Week 2 | W13: Week 3 | X13: Week 4 | Y13: Week 5 | Z13: Week 6
A14: Cody | B14: =M26 -> 38.5 | C14: 3 | D14: =Y26 -> -25.5 | E14: 1 | F14: =M39 -> -25.5 | G14: 1 | H14: =Y39 -> 34.5 | I14: 6 | J14: =M52 -> 27.5 | K14: 8 | L14: =Y52 -> 30.5 | M14: 7 | N14: =C14+E14+G14+I14+K14+M14 -> 26 | P14: 2nd | Q14: 7 | T14: Cody | U14: - | V14: - | W14: - | X14: - | Y14: - | Z14: -
A15: Jordan | B15: =M27 -> 32.5 | C15: 6 | D15: =Y27 -> 41.5 | E15: 2 | F15: =M40 -> 38.5 | G15: 2 | H15: =Y40 -> -10.5 | I15: 1 | J15: =M53 -> 47.5 | K15: 3 | L15: =Y53 -> -10.5 | M15: 1 | N15: =C15+E15+G15+I15+K15+M15 -> 15 | P15: 3rd | Q15: 6 | T15: Jordan | U15: 6.5 | V15: - | W15: - | X15: - | Y15: - | Z15: -
A16: Lindsay | B16: =M28 -> 36 | C16: 5 | D16: =Y28 -> 37 | E16: 5 | F16: =M41 -> 32 | G16: 4 | H16: =Y41 -> 35 | I16: 5 | J16: =M54 -> 34 | K16: 5.5 | L16: =Y54 -> 34 | M16: 2.5 | N16: =C16+E16+G16+I16+K16+M16 -> 27 | P16: 4th | Q16: 5 | T16: Lindsay | U16: - | V16: - | W16: 10.7 | X16: - | Y16: - | Z16: 9.5
A17: Lance | B17: =M29 -> 40 | C17: 2 | D17: =Y29 -> 39 | E17: 4 | F17: =M42 -> 38 | G17: 3 | H17: =Y42 -> 38 | I17: 2 | J17: =M55 -> 34 | K17: 5.5 | L17: =Y55 -> 34 | M17: 2.5 | N17: =C17+E17+G17+I17+K17+M17 -> 19 | P17: 5th | Q17: 4 | T17: Lance | U17: - | V17: - | W17: - | X17: - | Y17: - | Z17: -
A18: Shea | B18: =M30 -> 31.5 | C18: 7 | D18: =Y30 -> 29.5 | E18: 8 | F18: =M43 -> 25.5 | G18: 8 | H18: =Y43 -> 28.5 | I18: 8 | J18: =M56 -> -12.5 | K18: 1 | L18: =Y56 -> 28.5 | M18: 8 | N18: =C18+E18+G18+I18+K18+M18 -> 40 | P18: 6th | Q18: 3 | T18: Shea | U18: - | V18: - | W18: 7.8 | X18: 20.6 | Y18: - | Z18: -
A19: Tim | B19: =M31 -> 30 | C19: 8 | D19: =Y31 -> 33 | E19: 7 | F19: =M44 -> 30 | G19: 5 | H19: =Y44 -> 34 | I19: 7 | J19: =M57 -> -12 | K19: 1 | L19: =Y57 -> 32 | M19: 5 | N19: =C19+E19+G19+I19+K19+M19 -> 33 | P19: 7th | Q19: 2 | T19: Tim | U19: 17.9 | V19: - | W19: 11.7 | X19: - | Y19: - | Z19: -
A20: Sonat | B20: =M32 -> 36.5 | C20: 4 | D20: =Y32 -> 33.5 | E20: 6 | F20: =M45 -> 26.5 | G20: 7 | H20: =Y45 -> 37.5 | I20: 4 | J20: =M58 -> 30.5 | K20: 7 | L20: =Y58 -> 32.5 | M20: 4 | N20: =C20+E20+G20+I20+K20+M20 -> 32 | P20: 8th | Q20: 1 | T20: Sonat | U20: - | V20: - | W20: - | X20: - | Y20: winner | Z20: -
A21: Jeremy | B21: =M33 -> -23 | C21: 1 | D21: =Y33 -> 39 | E21: 3 | F21: =M46 -> 29 | G21: 6 | H21: =Y46 -> 38 | I21: 3 | J21: =M59 -> 46 | K21: 4 | L21: =Y59 -> 31 | M21: 6 | N21: =C21+E21+G21+I21+K21+M21 -> 23 | T21: Jeremy | U21: - | V21: - | W21: - | X21: - | Y21: - | Z21: -
A23: Grove XXIII | B23: 1 | C23: 2 | D23: 3 | E23: 4 | F23: 5 | G23: 6 | H23: 7 | I23: 8 | J23: 9 | K23: Total | L23: Handicap | M23: Score | N23: 10 | O23: 11 | P23: 12 | Q23: 13 | R23: 14 | S23: 15 | T23: 16 | U23: 17 | V23: 18 | W23: Total | X23: Handicap | Y23: Score
A24: Par | B24: 4 | C24: 4 | D24: 3 | E24: 5 | F24: 4 | G24: 4 | H24: 3 | I24: 5 | J24: 4 | K24: =SUM(B24:J24) -> 36 | N24: 4 | O24: 5 | P24: 4 | Q24: 3 | R24: 4 | S24: 3 | T24: 4 | U24: 5 | V24: 4 | W24: =SUM(N24:V24) -> 36
A25: Player
A26: Cody | B26: 5 | C26: 7 | D26: 4 | E26: 8 | F26: 6 | G26: 7 | H26: 4 | I26: 12 | J26: 11 | K26: =SUM(B26:J26) -> 64 | L26: 25.5 | M26: =K26-L26 -> 38.5 | W26: =SUM(N26:V26) -> 0 | X26: 25.5 | Y26: =W26-X26 -> -25.5
A27: Jordan | B27: 4 | C27: 4 | D27: 6 | E27: 6 | F27: 5 | G27: 5 | H27: 3 | I27: 6 | J27: 4 | K27: =SUM(B27:J27) -> 43 | L27: 10.5 | M27: =K27-L27 -> 32.5 | N27: 6 | O27: 6 | P27: 6 | Q27: 5 | R27: 7 | S27: 5 | T27: 5 | U27: 6 | V27: 6 | W27: =SUM(N27:V27) -> 52 | X27: 10.5 | Y27: =W27-X27 -> 41.5
A28: Lindsay | B28: 5 | C28: 5 | D28: 4 | E28: 5 | F28: 4 | G28: 3 | H28: 4 | I28: 9 | J28: 4 | K28: =SUM(B28:J28) -> 43 | L28: 7 | M28: =K28-L28 -> 36 | N28: 4 | O28: 7 | P28: 5 | Q28: 3 | R28: 5 | S28: 3 | T28: 6 | U28: 7 | V28: 4 | W28: =SUM(N28:V28) -> 44 | X28: 7 | Y28: =W28-X28 -> 37
A29: Lance | B29: 7 | C29: 5 | D29: 6 | E29: 9 | F29: 6 | G29: 8 | H29: 5 | I29: 10 | J29: 6 | K29: =SUM(B29:J29) -> 62 | L29: 22 | M29: =K29-L29 -> 40 | N29: 6 | O29: 7 | P29: 6 | Q29: 5 | R29: 8 | S29: 8 | T29: 8 | U29: 7 | V29: 6 | W29: =SUM(N29:V29) -> 61 | X29: 22 | Y29: =W29-X29 -> 39
A30: Shea | B30: 5 | C30: 4 | D30: 3 | E30: 6 | F30: 3 | G30: 9 | H30: 4 | I30: 5 | J30: 5 | K30: =SUM(B30:J30) -> 44 | L30: 12.5 | M30: =K30-L30 -> 31.5 | N30: 4 | O30: 6 | P30: 5 | Q30: 4 | R30: 5 | S30: 3 | T30: 4 | U30: 6 | V30: 5 | W30: =SUM(N30:V30) -> 42 | X30: 12.5 | Y30: =W30-X30 -> 29.5
A31: Tim | B31: 6 | C31: 5 | D31: 4 | E31: 5 | F31: 4 | G31: 5 | H31: 4 | I31: 5 | J31: 4 | K31: =SUM(B31:J31) -> 42 | L31: 12 | M31: =K31-L31 -> 30 | N31: 4 | O31: 7 | P31: 5 | Q31: 3 | R31: 7 | S31: 4 | T31: 4 | U31: 6 | V31: 5 | W31: =SUM(N31:V31) -> 45 | X31: 12 | Y31: =W31-X31 -> 33
A32: Sonat | B32: 5 | C32: 5 | D32: 5 | E32: 7 | F32: 5 | G32: 5 | H32: 5 | I32: 7 | J32: 5 | K32: =SUM(B32:J32) -> 49 | L32: 12.5 | M32: =K32-L32 -> 36.5 | N32: 6 | O32: 5 | P32: 5 | Q32: 5 | R32: 6 | S32: 4 | T32: 4 | U32: 5 | V32: 6 | W32: =SUM(N32:V32) -> 46 | X32: 12.5 | Y32: =W32-X32 -> 33.5
A33: Jeremy | K33: =SUM(B33:J33) -> 0 | L33: 23 | M33: =K33-L33 -> -23 | N33: 6 | O33: 8 | P33: 7 | Q33: 6 | R33: 8 | S33: 4 | T33: 8 | U33: 7 | V33: 8 | W33: =SUM(N33:V33) -> 62 | X33: 23 | Y33: =W33-X33 -> 39
D34: 210 yrd | H34: 155 yrd | Q34: 193 yrd | S34: 126 yrd
A36: TPC Scottdale | B36: 1 | C36: 2 | D36: 3 | E36: 4 | F36: 5 | G36: 6 | H36: 7 | I36: 8 | J36: 9 | K36: Total | L36: Handicap | M36: Score | N36: 10 | O36: 11 | P36: 12 | Q36: 13 | R36: 14 | S36: 15 | T36: 16 | U36: 17 | V36: 18 | W36: Total | X36: Handicap | Y36: Score
A37: Par | B37: 4 | C37: 4 | D37: 5 | E37: 3 | F37: 4 | G37: 4 | H37: 3 | I37: 4 | J37: 4 | K37: =SUM(B37:J37) -> 35 | N37: 4 | O37: 4 | P37: 3 | Q37: 5 | R37: 4 | S37: 5 | T37: 3 | U37: 4 | V37: 4 | W37: =SUM(N37:V37) -> 36
A38: Player
A39: Cody | K39: =SUM(B39:J39) -> 0 | L39: 25.5 | M39: =K39-L39 -> -25.5 | N39: 5 | O39: 6 | P39: 5 | Q39: 8 | R39: 9 | S39: 9 | T39: 3 | U39: 5 | V39: 10 | W39: =SUM(N39:V39) -> 60 | X39: 25.5 | Y39: =W39-X39 -> 34.5
A40: Jordan | B40: 5 | C40: 6 | D40: 7 | E40: 6 | F40: 4 | G40: 6 | H40: 5 | I40: 5 | J40: 5 | K40: =SUM(B40:J40) -> 49 | L40: 10.5 | M40: =K40-L40 -> 38.5 | W40: =SUM(N40:V40) -> 0 | X40: 10.5 | Y40: =W40-X40 -> -10.5
A41: Lindsay | B41: 5 | C41: 5 | D41: 6 | E41: 3 | F41: 4 | G41: 4 | H41: 3 | I41: 4 | J41: 5 | K41: =SUM(B41:J41) -> 39 | L41: 7 | M41: =K41-L41 -> 32 | N41: 4 | O41: 5 | P41: 3 | Q41: 5 | R41: 6 | S41: 5 | T41: 4 | U41: 6 | V41: 4 | W41: =SUM(N41:V41) -> 42 | X41: 7 | Y41: =W41-X41 -> 35
A42: Lance | B42: 10 | C42: 5 | D42: 8 | E42: 5 | F42: 7 | G42: 6 | H42: 4 | I42: 6 | J42: 9 | K42: =SUM(B42:J42) -> 60 | L42: 22 | M42: =K42-L42 -> 38 | N42: 5 | O42: 7 | P42: 3 | Q42: 7 | R42: 9 | S42: 8 | T42: 5 | U42: 10 | V42: 6 | W42: =SUM(N42:V42) -> 60 | X42: 22 | Y42: =W42-X42 -> 38
A43: Shea | B43: 4 | C43: 5 | D43: 6 | E43: 3 | F43: 5 | G43: 4 | H43: 3 | I43: 3 | J43: 5 | K43: =SUM(B43:J43) -> 38 | L43: 12.5 | M43: =K43-L43 -> 25.5 | N43: 4 | O43: 6 | P43: 4 | Q43: 5 | R43: 6 | S43: 4 | T43: 4 | U43: 4 | V43: 4 | W43: =SUM(N43:V43) -> 41 | X43: 12.5 | Y43: =W43-X43 -> 28.5
A44: Tim | B44: 7 | C44: 5 | D44: 5 | E44: 3 | F44: 4 | G44: 4 | H44: 4 | I44: 5 | J44: 5 | K44: =SUM(B44:J44) -> 42 | L44: 12 | M44: =K44-L44 -> 30 | N44: 5 | O44: 5 | P44: 5 | Q44: 5 | R44: 5 | S44: 6 | T44: 3 | U44: 4 | V44: 8 | W44: =SUM(N44:V44) -> 46 | X44: 12 | Y44: =W44-X44 -> 34
A45: Sonat | B45: 4 | C45: 4 | D45: 6 | E45: 4 | F45: 4 | G45: 4 | H45: 3 | I45: 5 | J45: 5 | K45: =SUM(B45:J45) -> 39 | L45: 12.5 | M45: =K45-L45 -> 26.5 | N45: 5 | O45: 5 | P45: 6 | Q45: 5 | R45: 5 | S45: 8 | T45: 5 | U45: 5 | V45: 6 | W45: =SUM(N45:V45) -> 50 | X45: 12.5 | Y45: =W45-X45 -> 37.5
A46: Jeremy | B46: 8 | C46: 5 | D46: 8 | E46: 4 | F46: 6 | G46: 4 | H46: 3 | I46: 7 | J46: 7 | K46: =SUM(B46:J46) -> 52 | L46: 23 | M46: =K46-L46 -> 29 | N46: 6 | O46: 6 | P46: 4 | Q46: 9 | R46: 7 | S46: 10 | T46: 5 | U46: 8 | V46: 6 | W46: =SUM(N46:V46) -> 61 | X46: 23 | Y46: =W46-X46 -> 38
E47: 147 yrd | T47: 114 yrd
A49: Wynn | B49: 1 | C49: 2 | D49: 3 | E49: 4 | F49: 5 | G49: 6 | H49: 7 | I49: 8 | J49: 9 | K49: Total | L49: Handicap | M49: Score | N49: 10 | O49: 11 | P49: 12 | Q49: 13 | R49: 14 | S49: 15 | T49: 16 | U49: 17 | V49: 18 | W49: Total | X49: Handicap | Y49: Score
A50: Par | B50: 4 | C50: 3 | D50: 5 | E50: 4 | F50: 3 | G50: 4 | H50: 3 | I50: 5 | J50: 4 | K50: =SUM(B50:J50) -> 35 | N50: 3 | O50: 5 | P50: 3 | Q50: 5 | R50: 4 | S50: 4 | T50: 4 | U50: 4 | V50: 3 | W50: =SUM(N50:V50) -> 35
A51: Player
A52: Cody | B52: 5 | C52: 5 | D52: 8 | E52: 5 | F52: 4 | G52: 5 | H52: 4 | I52: 9 | J52: 8 | K52: =SUM(B52:J52) -> 53 | L52: 25.5 | M52: =K52-L52 -> 27.5 | N52: 4 | O52: 10 | P52: 3 | Q52: 8 | R52: 7 | S52: 5 | T52: 8 | U52: 6 | V52: 5 | W52: =SUM(N52:V52) -> 56 | X52: 25.5 | Y52: =W52-X52 -> 30.5
A53: Jordan | B53: 4 | C53: 6 | D53: 8 | E53: 6 | F53: 4 | G53: 7 | H53: 5 | I53: 13 | J53: 5 | K53: =SUM(B53:J53) -> 58 | L53: 10.5 | M53: =K53-L53 -> 47.5 | W53: =SUM(N53:V53) -> 0 | X53: 10.5 | Y53: =W53-X53 -> -10.5
A54: Lindsay | B54: 4 | C54: 4 | D54: 6 | E54: 4 | F54: 4 | G54: 5 | H54: 3 | I54: 6 | J54: 5 | K54: =SUM(B54:J54) -> 41 | L54: 7 | M54: =K54-L54 -> 34 | N54: 4 | O54: 9 | P54: 3 | Q54: 5 | R54: 4 | S54: 4 | T54: 5 | U54: 5 | V54: 2 | W54: =SUM(N54:V54) -> 41 | X54: 7 | Y54: =W54-X54 -> 34
A55: Lance | B55: 5 | C55: 6 | D55: 8 | E55: 6 | F55: 5 | G55: 8 | H55: 3 | I55: 9 | J55: 6 | K55: =SUM(B55:J55) -> 56 | L55: 22 | M55: =K55-L55 -> 34 | N55: 5 | O55: 10 | P55: 7 | Q55: 6 | R55: 6 | S55: 5 | T55: 6 | U55: 5 | V55: 6 | W55: =SUM(N55:V55) -> 56 | X55: 22 | Y55: =W55-X55 -> 34
A56: Shea | K56: =SUM(B56:J56) -> 0 | L56: 12.5 | M56: =K56-L56 -> -12.5 | N56: 3 | O56: 5 | P56: 3 | Q56: 7 | R56: 5 | S56: 4 | T56: 5 | U56: 6 | V56: 3 | W56: =SUM(N56:V56) -> 41 | X56: 12.5 | Y56: =W56-X56 -> 28.5
A57: Tim | K57: =SUM(B57:J57) -> 0 | L57: 12 | M57: =K57-L57 -> -12 | N57: 4 | O57: 7 | P57: 4 | Q57: 4 | R57: 7 | S57: 4 | T57: 5 | U57: 5 | V57: 4 | W57: =SUM(N57:V57) -> 44 | X57: 12 | Y57: =W57-X57 -> 32
A58: Sonat | B58: 4 | C58: 5 | D58: 6 | E58: 5 | F58: 4 | G58: 3 | H58: 5 | I58: 6 | J58: 5 | K58: =SUM(B58:J58) -> 43 | L58: 12.5 | M58: =K58-L58 -> 30.5 | N58: 4 | O58: 6 | P58: 4 | Q58: 7 | R58: 5 | S58: 3 | T58: 4 | U58: 6 | V58: 6 | W58: =SUM(N58:V58) -> 45 | X58: 12.5 | Y58: =W58-X58 -> 32.5
A59: Jeremy | B59: 8 | C59: 5 | D59: 9 | E59: 8 | F59: 5 | G59: 10 | H59: 3 | I59: 7 | J59: 14 | K59: =SUM(B59:J59) -> 69 | L59: 23 | M59: =K59-L59 -> 46 | N59: 4 | O59: 9 | P59: 4 | Q59: 7 | R59: 6 | S59: 5 | T59: 9 | U59: 7 | V59: 3 | W59: =SUM(N59:V59) -> 54 | X59: 23 | Y59: =W59-X59 -> 31
F60: 116 yrd | P60: 140 yrd

Sheet Tournament 1 w adj
A1: Player | B1: Sum of Total
A2: Shea | B2: 34
A3: Jeremy | B3: 31.5
A4: Sonat | B4: 30
A5: Lance | B5: 29.5
A6: Lindsay | B6: 26
A7: Cody | B7: 25
A8: Tim | B8: 24
A9: Jordan | B9: 19
A10: Grand Total | B10: 219
A12: Tournament 1 | P12: Points | R12: *split points if tied* | T12: Closest Too
A13: Player | B13: Week 1 | C13: Points | D13: Week 2 | E13: Points | F13: Week 3 | G13: Points | H13: Week 4 | I13: Points | J13: Week 5 | K13: Points | L13: Week 6 | M13: Points | N13: Total | P13: 1st | Q13: 8 | T13: Player | U13: Week 1 | V13: Week 2 | W13: Week 3 | X13: Week 4 | Y13: Week 5 | Z13: Week 6
A14: Cody | B14: =M26 -> 40 | C14: 2 | D14: =Y26 -> -24 | E14: 1 | F14: =M39 -> -24 | G14: 1 | H14: =Y39 -> 36 | I14: 6.5 | J14: =M52 -> 29 | K14: 8 | L14: =Y52 -> 32 | M14: 6.5 | N14: =C14+E14+G14+I14+K14+M14 -> 25 | P14: 2nd | Q14: 7 | T14: Cody | U14: - | V14: - | W14: - | X14: - | Y14: - | Z14: -
A15: Jordan | B15: =M27 -> 29 | C15: 8 | D15: =Y27 -> 38 | E15: 2.5 | F15: =M40 -> 35 | G15: 3 | H15: =Y40 -> -14 | I15: 1 | J15: =M53 -> 44 | K15: 3.5 | L15: =Y53 -> -14 | M15: 1 | N15: =C15+E15+G15+I15+K15+M15 -> 19 | P15: 3rd | Q15: 6 | T15: Jordan | U15: 6.5 | V15: - | W15: - | X15: - | Y15: - | Z15: -
A16: Lindsay | B16: =M28 -> 37 | C16: 5 | D16: =Y28 -> 38 | E16: 2.5 | F16: =M41 -> 33 | G16: 4.5 | H16: =Y41 -> 36 | I16: 6.5 | J16: =M54 -> 35 | K16: 5 | L16: =Y54 -> 35 | M16: 2.5 | N16: =C16+E16+G16+I16+K16+M16 -> 26 | P16: 4th | Q16: 5 | T16: Lindsay | U16: - | V16: - | W16: 10.7 | X16: - | Y16: - | Z16: 9.5
A17: Lance | B17: =M29 -> 38 | C17: 3.5 | D17: =Y29 -> 37 | E17: 4.5 | F17: =M42 -> 36 | G17: 2 | H17: =Y42 -> 36 | I17: 6.5 | J17: =M55 -> 32 | K17: 6.5 | L17: =Y55 -> 32 | M17: 6.5 | N17: =C17+E17+G17+I17+K17+M17 -> 29.5 | P17: 5th | Q17: 4 | T17: Lance | U17: - | V17: - | W17: - | X17: - | Y17: - | Z17: -
A18: Shea | B18: =M30 -> 36 | C18: 6 | D18: =Y30 -> 34 | E18: 8 | F18: =M43 -> 30 | G18: 6 | H18: =Y43 -> 33 | I18: 8 | J18: =M56 -> -8 | K18: 1 | L18: =Y56 -> 33 | M18: 5 | N18: =C18+E18+G18+I18+K18+M18 -> 34 | P18: 6th | Q18: 3 | T18: Shea | U18: - | V18: - | W18: 7.8 | X18: 20.6 | Y18: - | Z18: -
A19: Tim | B19: =M31 -> 33 | C19: 7 | D19: =Y31 -> 36 | E19: 6 | F19: =M44 -> 33 | G19: 4.5 | H19: =Y44 -> 37 | I19: 3 | J19: =M57 -> -9 | K19: 1 | L19: =Y57 -> 35 | M19: 2.5 | N19: =C19+E19+G19+I19+K19+M19 -> 24 | P19: 7th | Q19: 2 | T19: Tim | U19: 17.9 | V19: - | W19: 11.7 | X19: - | Y19: - | Z19: -
A20: Sonat | B20: =M32 -> 38 | C20: 3.5 | D20: =Y32 -> 35 | E20: 7 | F20: =M45 -> 28 | G20: 7 | H20: =Y45 -> 39 | I20: 2 | J20: =M58 -> 32 | K20: 6.5 | L20: =Y58 -> 34 | M20: 4 | N20: =C20+E20+G20+I20+K20+M20 -> 30 | P20: 8th | Q20: 1 | T20: Sonat | U20: - | V20: - | W20: - | X20: - | Y20: winner | Z20: -
A21: Jeremy | B21: =M33 -> -25 | C21: 1 | D21: =Y33 -> 37 | E21: 4.5 | F21: =M46 -> 27 | G21: 8 | H21: =Y46 -> 36 | I21: 6.5 | J21: =M59 -> 44 | K21: 3.5 | L21: =Y59 -> 29 | M21: 8 | N21: =C21+E21+G21+I21+K21+M21 -> 31.5 | T21: Jeremy | U21: - | V21: - | W21: - | X21: - | Y21: - | Z21: -
A23: Grove XXIII | B23: 1 | C23: 2 | D23: 3 | E23: 4 | F23: 5 | G23: 6 | H23: 7 | I23: 8 | J23: 9 | K23: Total | L23: Handicap | M23: Score | N23: 10 | O23: 11 | P23: 12 | Q23: 13 | R23: 14 | S23: 15 | T23: 16 | U23: 17 | V23: 18 | W23: Total | X23: Handicap | Y23: Score
A24: Par | B24: 4 | C24: 4 | D24: 3 | E24: 5 | F24: 4 | G24: 4 | H24: 3 | I24: 5 | J24: 4 | K24: =SUM(B24:J24) -> 36 | N24: 4 | O24: 5 | P24: 4 | Q24: 3 | R24: 4 | S24: 3 | T24: 4 | U24: 5 | V24: 4 | W24: =SUM(N24:V24) -> 36
A25: Player
A26: Cody | B26: 5 | C26: 7 | D26: 4 | E26: 8 | F26: 6 | G26: 7 | H26: 4 | I26: 12 | J26: 11 | K26: =SUM(B26:J26) -> 64 | L26: 24 | M26: =K26-L26 -> 40 | W26: =SUM(N26:V26) -> 0 | X26: 24 | Y26: =W26-X26 -> -24
A27: Jordan | B27: 4 | C27: 4 | D27: 6 | E27: 6 | F27: 5 | G27: 5 | H27: 3 | I27: 6 | J27: 4 | K27: =SUM(B27:J27) -> 43 | L27: 14 | M27: =K27-L27 -> 29 | N27: 6 | O27: 6 | P27: 6 | Q27: 5 | R27: 7 | S27: 5 | T27: 5 | U27: 6 | V27: 6 | W27: =SUM(N27:V27) -> 52 | X27: 14 | Y27: =W27-X27 -> 38
A28: Lindsay | B28: 5 | C28: 5 | D28: 4 | E28: 5 | F28: 4 | G28: 3 | H28: 4 | I28: 9 | J28: 4 | K28: =SUM(B28:J28) -> 43 | L28: 6 | M28: =K28-L28 -> 37 | N28: 4 | O28: 7 | P28: 5 | Q28: 3 | R28: 5 | S28: 3 | T28: 6 | U28: 7 | V28: 4 | W28: =SUM(N28:V28) -> 44 | X28: 6 | Y28: =W28-X28 -> 38
A29: Lance | B29: 7 | C29: 5 | D29: 6 | E29: 9 | F29: 6 | G29: 8 | H29: 5 | I29: 10 | J29: 6 | K29: =SUM(B29:J29) -> 62 | L29: 24 | M29: =K29-L29 -> 38 | N29: 6 | O29: 7 | P29: 6 | Q29: 5 | R29: 8 | S29: 8 | T29: 8 | U29: 7 | V29: 6 | W29: =SUM(N29:V29) -> 61 | X29: 24 | Y29: =W29-X29 -> 37
A30: Shea | B30: 5 | C30: 4 | D30: 3 | E30: 6 | F30: 3 | G30: 9 | H30: 4 | I30: 5 | J30: 5 | K30: =SUM(B30:J30) -> 44 | L30: 8 | M30: =K30-L30 -> 36 | N30: 4 | O30: 6 | P30: 5 | Q30: 4 | R30: 5 | S30: 3 | T30: 4 | U30: 6 | V30: 5 | W30: =SUM(N30:V30) -> 42 | X30: 8 | Y30: =W30-X30 -> 34
A31: Tim | B31: 6 | C31: 5 | D31: 4 | E31: 5 | F31: 4 | G31: 5 | H31: 4 | I31: 5 | J31: 4 | K31: =SUM(B31:J31) -> 42 | L31: 9 | M31: =K31-L31 -> 33 | N31: 4 | O31: 7 | P31: 5 | Q31: 3 | R31: 7 | S31: 4 | T31: 4 | U31: 6 | V31: 5 | W31: =SUM(N31:V31) -> 45 | X31: 9 | Y31: =W31-X31 -> 36
A32: Sonat | B32: 5 | C32: 5 | D32: 5 | E32: 7 | F32: 5 | G32: 5 | H32: 5 | I32: 7 | J32: 5 | K32: =SUM(B32:J32) -> 49 | L32: 11 | M32: =K32-L32 -> 38 | N32: 6 | O32: 5 | P32: 5 | Q32: 5 | R32: 6 | S32: 4 | T32: 4 | U32: 5 | V32: 6 | W32: =SUM(N32:V32) -> 46 | X32: 11 | Y32: =W32-X32 -> 35
A33: Jeremy | K33: =SUM(B33:J33) -> 0 | L33: 25 | M33: =K33-L33 -> -25 | N33: 6 | O33: 8 | P33: 7 | Q33: 6 | R33: 8 | S33: 4 | T33: 8 | U33: 7 | V33: 8 | W33: =SUM(N33:V33) -> 62 | X33: 25 | Y33: =W33-X33 -> 37
D34: 210 yrd | H34: 155 yrd | Q34: 193 yrd | S34: 126 yrd
A36: TPC Scottdale | B36: 1 | C36: 2 | D36: 3 | E36: 4 | F36: 5 | G36: 6 | H36: 7 | I36: 8 | J36: 9 | K36: Total | L36: Handicap | M36: Score | N36: 10 | O36: 11 | P36: 12 | Q36: 13 | R36: 14 | S36: 15 | T36: 16 | U36: 17 | V36: 18 | W36: Total | X36: Handicap | Y36: Score
A37: Par | B37: 4 | C37: 4 | D37: 5 | E37: 3 | F37: 4 | G37: 4 | H37: 3 | I37: 4 | J37: 4 | K37: =SUM(B37:J37) -> 35 | N37: 4 | O37: 4 | P37: 3 | Q37: 5 | R37: 4 | S37: 5 | T37: 3 | U37: 4 | V37: 4 | W37: =SUM(N37:V37) -> 36
A38: Player
A39: Cody | K39: =SUM(B39:J39) -> 0 | L39: 24 | M39: =K39-L39 -> -24 | N39: 5 | O39: 6 | P39: 5 | Q39: 8 | R39: 9 | S39: 9 | T39: 3 | U39: 5 | V39: 10 | W39: =SUM(N39:V39) -> 60 | X39: 24 | Y39: =W39-X39 -> 36
A40: Jordan | B40: 5 | C40: 6 | D40: 7 | E40: 6 | F40: 4 | G40: 6 | H40: 5 | I40: 5 | J40: 5 | K40: =SUM(B40:J40) -> 49 | L40: 14 | M40: =K40-L40 -> 35 | W40: =SUM(N40:V40) -> 0 | X40: 14 | Y40: =W40-X40 -> -14
A41: Lindsay | B41: 5 | C41: 5 | D41: 6 | E41: 3 | F41: 4 | G41: 4 | H41: 3 | I41: 4 | J41: 5 | K41: =SUM(B41:J41) -> 39 | L41: 6 | M41: =K41-L41 -> 33 | N41: 4 | O41: 5 | P41: 3 | Q41: 5 | R41: 6 | S41: 5 | T41: 4 | U41: 6 | V41: 4 | W41: =SUM(N41:V41) -> 42 | X41: 6 | Y41: =W41-X41 -> 36
A42: Lance | B42: 10 | C42: 5 | D42: 8 | E42: 5 | F42: 7 | G42: 6 | H42: 4 | I42: 6 | J42: 9 | K42: =SUM(B42:J42) -> 60 | L42: 24 | M42: =K42-L42 -> 36 | N42: 5 | O42: 7 | P42: 3 | Q42: 7 | R42: 9 | S42: 8 | T42: 5 | U42: 10 | V42: 6 | W42: =SUM(N42:V42) -> 60 | X42: 24 | Y42: =W42-X42 -> 36
A43: Shea | B43: 4 | C43: 5 | D43: 6 | E43: 3 | F43: 5 | G43: 4 | H43: 3 | I43: 3 | J43: 5 | K43: =SUM(B43:J43) -> 38 | L43: 8 | M43: =K43-L43 -> 30 | N43: 4 | O43: 6 | P43: 4 | Q43: 5 | R43: 6 | S43: 4 | T43: 4 | U43: 4 | V43: 4 | W43: =SUM(N43:V43) -> 41 | X43: 8 | Y43: =W43-X43 -> 33
A44: Tim | B44: 7 | C44: 5 | D44: 5 | E44: 3 | F44: 4 | G44: 4 | H44: 4 | I44: 5 | J44: 5 | K44: =SUM(B44:J44) -> 42 | L44: 9 | M44: =K44-L44 -> 33 | N44: 5 | O44: 5 | P44: 5 | Q44: 5 | R44: 5 | S44: 6 | T44: 3 | U44: 4 | V44: 8 | W44: =SUM(N44:V44) -> 46 | X44: 9 | Y44: =W44-X44 -> 37
A45: Sonat | B45: 4 | C45: 4 | D45: 6 | E45: 4 | F45: 4 | G45: 4 | H45: 3 | I45: 5 | J45: 5 | K45: =SUM(B45:J45) -> 39 | L45: 11 | M45: =K45-L45 -> 28 | N45: 5 | O45: 5 | P45: 6 | Q45: 5 | R45: 5 | S45: 8 | T45: 5 | U45: 5 | V45: 6 | W45: =SUM(N45:V45) -> 50 | X45: 11 | Y45: =W45-X45 -> 39
A46: Jeremy | B46: 8 | C46: 5 | D46: 8 | E46: 4 | F46: 6 | G46: 4 | H46: 3 | I46: 7 | J46: 7 | K46: =SUM(B46:J46) -> 52 | L46: 25 | M46: =K46-L46 -> 27 | N46: 6 | O46: 6 | P46: 4 | Q46: 9 | R46: 7 | S46: 10 | T46: 5 | U46: 8 | V46: 6 | W46: =SUM(N46:V46) -> 61 | X46: 25 | Y46: =W46-X46 -> 36
E47: 147 yrd | T47: 114 yrd
A49: Wynn | B49: 1 | C49: 2 | D49: 3 | E49: 4 | F49: 5 | G49: 6 | H49: 7 | I49: 8 | J49: 9 | K49: Total | L49: Handicap | M49: Score | N49: 10 | O49: 11 | P49: 12 | Q49: 13 | R49: 14 | S49: 15 | T49: 16 | U49: 17 | V49: 18 | W49: Total | X49: Handicap | Y49: Score
A50: Par | B50: 4 | C50: 3 | D50: 5 | E50: 4 | F50: 3 | G50: 4 | H50: 3 | I50: 5 | J50: 4 | K50: =SUM(B50:J50) -> 35 | N50: 3 | O50: 5 | P50: 3 | Q50: 5 | R50: 4 | S50: 4 | T50: 4 | U50: 4 | V50: 3 | W50: =SUM(N50:V50) -> 35
A51: Player
A52: Cody | B52: 5 | C52: 5 | D52: 8 | E52: 5 | F52: 4 | G52: 5 | H52: 4 | I52: 9 | J52: 8 | K52: =SUM(B52:J52) -> 53 | L52: 24 | M52: =K52-L52 -> 29 | N52: 4 | O52: 10 | P52: 3 | Q52: 8 | R52: 7 | S52: 5 | T52: 8 | U52: 6 | V52: 5 | W52: =SUM(N52:V52) -> 56 | X52: 24 | Y52: =W52-X52 -> 32
A53: Jordan | B53: 4 | C53: 6 | D53: 8 | E53: 6 | F53: 4 | G53: 7 | H53: 5 | I53: 13 | J53: 5 | K53: =SUM(B53:J53) -> 58 | L53: 14 | M53: =K53-L53 -> 44 | W53: =SUM(N53:V53) -> 0 | X53: 14 | Y53: =W53-X53 -> -14
A54: Lindsay | B54: 4 | C54: 4 | D54: 6 | E54: 4 | F54: 4 | G54: 5 | H54: 3 | I54: 6 | J54: 5 | K54: =SUM(B54:J54) -> 41 | L54: 6 | M54: =K54-L54 -> 35 | N54: 4 | O54: 9 | P54: 3 | Q54: 5 | R54: 4 | S54: 4 | T54: 5 | U54: 5 | V54: 2 | W54: =SUM(N54:V54) -> 41 | X54: 6 | Y54: =W54-X54 -> 35
A55: Lance | B55: 5 | C55: 6 | D55: 8 | E55: 6 | F55: 5 | G55: 8 | H55: 3 | I55: 9 | J55: 6 | K55: =SUM(B55:J55) -> 56 | L55: 24 | M55: =K55-L55 -> 32 | N55: 5 | O55: 10 | P55: 7 | Q55: 6 | R55: 6 | S55: 5 | T55: 6 | U55: 5 | V55: 6 | W55: =SUM(N55:V55) -> 56 | X55: 24 | Y55: =W55-X55 -> 32
A56: Shea | K56: =SUM(B56:J56) -> 0 | L56: 8 | M56: =K56-L56 -> -8 | N56: 3 | O56: 5 | P56: 3 | Q56: 7 | R56: 5 | S56: 4 | T56: 5 | U56: 6 | V56: 3 | W56: =SUM(N56:V56) -> 41 | X56: 8 | Y56: =W56-X56 -> 33
A57: Tim | K57: =SUM(B57:J57) -> 0 | L57: 9 | M57: =K57-L57 -> -9 | N57: 4 | O57: 7 | P57: 4 | Q57: 4 | R57: 7 | S57: 4 | T57: 5 | U57: 5 | V57: 4 | W57: =SUM(N57:V57) -> 44 | X57: 9 | Y57: =W57-X57 -> 35
A58: Sonat | B58: 4 | C58: 5 | D58: 6 | E58: 5 | F58: 4 | G58: 3 | H58: 5 | I58: 6 | J58: 5 | K58: =SUM(B58:J58) -> 43 | L58: 11 | M58: =K58-L58 -> 32 | N58: 4 | O58: 6 | P58: 4 | Q58: 7 | R58: 5 | S58: 3 | T58: 4 | U58: 6 | V58: 6 | W58: =SUM(N58:V58) -> 45 | X58: 11 | Y58: =W58-X58 -> 34
A59: Jeremy | B59: 8 | C59: 5 | D59: 9 | E59: 8 | F59: 5 | G59: 10 | H59: 3 | I59: 7 | J59: 14 | K59: =SUM(B59:J59) -> 69 | L59: 25 | M59: =K59-L59 -> 44 | N59: 4 | O59: 9 | P59: 4 | Q59: 7 | R59: 6 | S59: 5 | T59: 9 | U59: 7 | V59: 3 | W59: =SUM(N59:V59) -> 54 | X59: 25 | Y59: =W59-X59 -> 29
F60: 116 yrd | P60: 140 yrd

Sheet Tournament 2
A1: Player | B1: Sum of Total
A2: Shea | B2: 32.5
A3: Tim | B3: 31.5
A4: Sonat | B4: 30.5
A5: Jeremy | B5: 30
A6: Lance | B6: 26
A7: Jordan | B7: 25.5
A8: Cody | B8: 25.5
A9: Lindsay | B9: 9.5
A10: Grand Total | B10: 211
A12: Tournament 2 | P12: Points | R12: *split points if tied* | T12: Closest Too
A13: Player | B13: Week 1 | C13: Points | D13: Week 2 | E13: Points | F13: Week 3 | G13: Points | H13: Week 4 | I13: Points | J13: Week 5 | K13: Points | L13: Week 6 | M13: Points | N13: Total | P13: 1st | Q13: 8 | T13: Player | U13: Week 1 | V13: Week 2 | W13: Week 3 | X13: Week 4 | Y13: Week 5 | Z13: Week 6
A14: Cody | B14: =M26 -> 40 | C14: 2.5 | D14: =Y26 -> 39 | E14: 3 | F14: =M39 -> 31 | G14: 5.5 | H14: =Y39 -> 36 | I14: 3.5 | J14: =M52 -> 34 | K14: 5 | L14: =Y52 -> 37 | M14: 6 | N14: =C14+E14+G14+I14+K14+M14 -> 25.5 | P14: 2nd | Q14: 7 | T14: Cody | U14: - | V14: - | W14: - | X14: - | Y14: - | Z14: -
A15: Jordan | B15: =M27 -> 35 | C15: 6 | D15: =Y27 -> 27 | E15: 8 | F15: =M40 -> 37 | G15: 3 | H15: =Y40 -> 33 | I15: 6.5 | J15: =M53 -> -14 | K15: 1 | L15: =Y53 -> -14 | M15: 1 | N15: =C15+E15+G15+I15+K15+M15 -> 25.5 | P15: 3rd | Q15: 6 | T15: Jordan | U15: - | V15: - | W15: - | X15: - | Y15: - | Z15: -
A16: Lindsay | B16: =M28 -> 40 | C16: 2.5 | D16: =Y28 -> -6 | E16: 1 | F16: =M41 -> -6 | G16: 1 | H16: =Y41 -> 41 | I16: 1 | J16: =M54 -> 39 | K16: 3 | L16: =Y54 -> -6 | M16: 1 | N16: =C16+E16+G16+I16+K16+M16 -> 9.5 | P16: 4th | Q16: 5 | T16: Lindsay | U16: 9.9 | V16: - | W16: - | X16: 20 | Y16: 8.2 | Z16: -
A17: Lance | B17: =M29 -> 27 | C17: 8 | D17: =Y29 -> 29 | E17: 7 | F17: =M42 -> -24 | G17: 1 | H17: =Y42 -> 26 | I17: 8 | J17: =M55 -> -24 | K17: 1 | L17: =Y55 -> -24 | M17: 1 | N17: =C17+E17+G17+I17+K17+M17 -> 26 | P17: 5th | Q17: 4 | T17: Lance | U17: - | V17: - | W17: - | X17: - | Y17: - | Z17: -
A18: Shea | B18: =M30 -> 37 | C18: 4 | D18: =Y30 -> 32 | E18: 6 | F18: =M43 -> 30 | G18: 7 | H18: =Y43 -> 33 | I18: 6.5 | J18: =M56 -> 37 | K18: 4 | L18: =Y56 -> 39 | M18: 5 | N18: =C18+E18+G18+I18+K18+M18 -> 32.5 | P18: 6th | Q18: 3 | T18: Shea | U18: - | V18: 6.3 | W18: 8 | X18: 4.2 | Y18: - | Z18: -
A19: Tim | B19: =M31 -> 29 | C19: 7 | D19: =Y31 -> 33 | E19: 4.5 | F19: =M44 -> 32 | G19: 4 | H19: =Y44 -> 37 | I19: 2 | J19: =M57 -> 31 | K19: 6 | L19: =Y57 -> 33 | M19: 8 | N19: =C19+E19+G19+I19+K19+M19 -> 31.5 | P19: 7th | Q19: 2 | T19: Tim | U19: - | V19: 8.3 | W19: 12 | X19: - | Y19: 8.8 | Z19: 10.9
A20: Sonat | B20: =M32 -> 36 | C20: 5 | D20: =Y32 -> 33 | E20: 4.5 | F20: =M45 -> 31 | G20: 5.5 | H20: =Y45 -> 36 | I20: 3.5 | J20: =M58 -> 29 | K20: 8 | L20: =Y58 -> 42 | M20: 4 | N20: =C20+E20+G20+I20+K20+M20 -> 30.5 | P20: 8th | Q20: 1 | T20: Sonat | U20: 21.3 | V20: 8.7 | W20: - | X20: - | Y20: 4.6 | Z20: -
A21: Jeremy | B21: =M33 -> -25 | C21: 1 | D21: =Y33 -> 48 | E21: 2 | F21: =M46 -> 29 | G21: 8 | H21: =Y46 -> 35 | I21: 5 | J21: =M59 -> 30 | K21: 7 | L21: =Y59 -> 34 | M21: 7 | N21: =C21+E21+G21+I21+K21+M21 -> 30 | T21: Jeremy | U21: - | V21: - | W21: - | X21: - | Y21: - | Z21: -
A23: Cypress Point | B23: 1 | C23: 2 | D23: 3 | E23: 4 | F23: 5 | G23: 6 | H23: 7 | I23: 8 | J23: 9 | K23: Total | L23: Handicap | M23: Score | N23: 10 | O23: 11 | P23: 12 | Q23: 13 | R23: 14 | S23: 15 | T23: 16 | U23: 17 | V23: 18 | W23: Total | X23: Handicap | Y23: Score
A24: Par | B24: 4 | C24: 5 | D24: 3 | E24: 4 | F24: 5 | G24: 5 | H24: 3 | I24: 4 | J24: 4 | K24: =SUM(B24:J24) -> 37 | N24: 5 | O24: 4 | P24: 4 | Q24: 4 | R24: 4 | S24: 3 | T24: 3 | U24: 4 | V24: 4 | W24: =SUM(N24:V24) -> 35
A25: Player
A26: Cody | B26: 6 | C26: 9 | D26: 6 | E26: 7 | F26: 7 | G26: 9 | H26: 5 | I26: 9 | J26: 6 | K26: =SUM(B26:J26) -> 64 | L26: 24 | M26: =K26-L26 -> 40 | N26: 9 | O26: 6 | P26: 5 | Q26: 7 | R26: 7 | S26: 6 | T26: 10 | U26: 7 | V26: 6 | W26: =SUM(N26:V26) -> 63 | X26: 24 | Y26: =W26-X26 -> 39
A27: Jordan | B27: 5 | C27: 5 | D27: 4 | E27: 7 | F27: 7 | G27: 6 | H27: 4 | I27: 5 | J27: 6 | K27: =SUM(B27:J27) -> 49 | L27: 14 | M27: =K27-L27 -> 35 | N27: 5 | O27: 6 | P27: 4 | Q27: 6 | R27: 4 | S27: 4 | T27: 3 | U27: 5 | V27: 4 | W27: =SUM(N27:V27) -> 41 | X27: 14 | Y27: =W27-X27 -> 27
A28: Lindsay | B28: 5 | C28: 6 | D28: 4 | E28: 5 | F28: 5 | G28: 9 | H28: 3 | I28: 4 | J28: 5 | K28: =SUM(B28:J28) -> 46 | L28: 6 | M28: =K28-L28 -> 40 | W28: =SUM(N28:V28) -> 0 | X28: 6 | Y28: =W28-X28 -> -6
A29: Lance | B29: 5 | C29: 7 | D29: 4 | E29: 5 | F29: 6 | G29: 6 | H29: 5 | I29: 6 | J29: 7 | K29: =SUM(B29:J29) -> 51 | L29: 24 | M29: =K29-L29 -> 27 | N29: 6 | O29: 7 | P29: 5 | Q29: 7 | R29: 6 | S29: 4 | T29: 4 | U29: 8 | V29: 6 | W29: =SUM(N29:V29) -> 53 | X29: 24 | Y29: =W29-X29 -> 29
A30: Shea | B30: 5 | C30: 8 | D30: 4 | E30: 4 | F30: 6 | G30: 6 | H30: 3 | I30: 5 | J30: 4 | K30: =SUM(B30:J30) -> 45 | L30: 8 | M30: =K30-L30 -> 37 | N30: 5 | O30: 6 | P30: 5 | Q30: 5 | R30: 4 | S30: 3 | T30: 4 | U30: 4 | V30: 4 | W30: =SUM(N30:V30) -> 40 | X30: 8 | Y30: =W30-X30 -> 32
A31: Tim | B31: 3 | C31: 6 | D31: 3 | E31: 4 | F31: 6 | G31: 7 | H31: 2 | I31: 3 | J31: 4 | K31: =SUM(B31:J31) -> 38 | L31: 9 | M31: =K31-L31 -> 29 | N31: 6 | O31: 7 | P31: 5 | Q31: 3 | R31: 3 | S31: 3 | T31: 6 | U31: 5 | V31: 4 | W31: =SUM(N31:V31) -> 42 | X31: 9 | Y31: =W31-X31 -> 33
A32: Sonat | B32: 7 | C32: 7 | D32: 3 | E32: 6 | F32: 6 | G32: 6 | H32: 3 | I32: 5 | J32: 4 | K32: =SUM(B32:J32) -> 47 | L32: 11 | M32: =K32-L32 -> 36 | N32: 6 | O32: 5 | P32: 4 | Q32: 5 | R32: 6 | S32: 4 | T32: 4 | U32: 5 | V32: 5 | W32: =SUM(N32:V32) -> 44 | X32: 11 | Y32: =W32-X32 -> 33
A33: Jeremy | K33: =SUM(B33:J33) -> 0 | L33: 25 | M33: =K33-L33 -> -25 | N33: 12 | O33: 8 | P33: 5 | Q33: 6 | R33: 7 | S33: 5 | T33: 15 | U33: 8 | V33: 7 | W33: =SUM(N33:V33) -> 73 | X33: 25 | Y33: =W33-X33 -> 48
D34: 156 yrd | H34: 166 yrd | S34: 121 yrd | T34: 217 yrd
A36: The Dunes | B36: 1 | C36: 2 | D36: 3 | E36: 4 | F36: 5 | G36: 6 | H36: 7 | I36: 8 | J36: 9 | K36: Total | L36: Handicap | M36: Score | N36: 10 | O36: 11 | P36: 12 | Q36: 13 | R36: 14 | S36: 15 | T36: 16 | U36: 17 | V36: 18 | W36: Total | X36: Handicap | Y36: Score
A37: Par | B37: 4 | C37: 4 | D37: 4 | E37: 5 | F37: 3 | G37: 4 | H37: 4 | I37: 5 | J37: 3 | K37: =SUM(B37:J37) -> 36 | N37: 4 | O37: 4 | P37: 3 | Q37: 5 | R37: 4 | S37: 5 | T37: 4 | U37: 3 | V37: 4 | W37: =SUM(N37:V37) -> 36
A38: Player
A39: Cody | B39: 5 | C39: 5 | D39: 8 | E39: 8 | F39: 4 | G39: 5 | H39: 4 | I39: 10 | J39: 6 | K39: =SUM(B39:J39) -> 55 | L39: 24 | M39: =K39-L39 -> 31 | N39: 5 | O39: 5 | P39: 4 | Q39: 14 | R39: 6 | S39: 8 | T39: 5 | U39: 4 | V39: 9 | W39: =SUM(N39:V39) -> 60 | X39: 24 | Y39: =W39-X39 -> 36
A40: Jordan | B40: 5 | C40: 7 | D40: 7 | E40: 8 | F40: 3 | G40: 5 | H40: 6 | I40: 6 | J40: 4 | K40: =SUM(B40:J40) -> 51 | L40: 14 | M40: =K40-L40 -> 37 | N40: 5 | O40: 4 | P40: 5 | Q40: 8 | R40: 5 | S40: 6 | T40: 6 | U40: 3 | V40: 5 | W40: =SUM(N40:V40) -> 47 | X40: 14 | Y40: =W40-X40 -> 33
A41: Lindsay | K41: =SUM(B41:J41) -> 0 | L41: 6 | M41: =K41-L41 -> -6 | N41: 5 | O41: 4 | P41: 3 | Q41: 8 | R41: 3 | S41: 6 | T41: 4 | U41: 6 | V41: 8 | W41: =SUM(N41:V41) -> 47 | X41: 6 | Y41: =W41-X41 -> 41
A42: Lance | K42: =SUM(B42:J42) -> 0 | L42: 24 | M42: =K42-L42 -> -24 | N42: 5 | O42: 8 | P42: 4 | Q42: 7 | R42: 7 | S42: 5 | T42: 5 | U42: 4 | V42: 5 | W42: =SUM(N42:V42) -> 50 | X42: 24 | Y42: =W42-X42 -> 26
A43: Shea | B43: 5 | C43: 5 | D43: 4 | E43: 4 | F43: 2 | G43: 4 | H43: 5 | I43: 7 | J43: 2 | K43: =SUM(B43:J43) -> 38 | L43: 8 | M43: =K43-L43 -> 30 | N43: 4 | O43: 5 | P43: 3 | Q43: 6 | R43: 4 | S43: 6 | T43: 6 | U43: 3 | V43: 4 | W43: =SUM(N43:V43) -> 41 | X43: 8 | Y43: =W43-X43 -> 33
A44: Tim | B44: 4 | C44: 5 | D44: 5 | E44: 3 | F44: 4 | G44: 5 | H44: 5 | I44: 6 | J44: 4 | K44: =SUM(B44:J44) -> 41 | L44: 9 | M44: =K44-L44 -> 32 | N44: 5 | O44: 10 | P44: 3 | Q44: 5 | R44: 5 | S44: 5 | T44: 5 | U44: 3 | V44: 5 | W44: =SUM(N44:V44) -> 46 | X44: 9 | Y44: =W44-X44 -> 37
A45: Sonat | B45: 4 | C45: 5 | D45: 4 | E45: 5 | F45: 5 | G45: 6 | H45: 5 | I45: 4 | J45: 4 | K45: =SUM(B45:J45) -> 42 | L45: 11 | M45: =K45-L45 -> 31 | N45: 5 | O45: 5 | P45: 4 | Q45: 7 | R45: 5 | S45: 6 | T45: 5 | U45: 4 | V45: 6 | W45: =SUM(N45:V45) -> 47 | X45: 11 | Y45: =W45-X45 -> 36
A46: Jeremy | B46: 6 | C46: 5 | D46: 7 | E46: 7 | F46: 4 | G46: 7 | H46: 5 | I46: 9 | J46: 4 | K46: =SUM(B46:J46) -> 54 | L46: 25 | M46: =K46-L46 -> 29 | N46: 7 | O46: 5 | P46: 4 | Q46: 12 | R46: 8 | S46: 6 | T46: 7 | U46: 5 | V46: 6 | W46: =SUM(N46:V46) -> 60 | X46: 25 | Y46: =W46-X46 -> 35
F47: 131 yrd | J47: 119 yrd | P47: 144 yrd | U47: 139 yrd
A49: Whisler Nickalaus | B49: 1 | C49: 2 | D49: 3 | E49: 4 | F49: 5 | G49: 6 | H49: 7 | I49: 8 | J49: 9 | K49: Total | L49: Handicap | M49: Score | N49: 10 | O49: 11 | P49: 12 | Q49: 13 | R49: 14 | S49: 15 | T49: 16 | U49: 17 | V49: 18 | W49: Total | X49: Handicap | Y49: Score
A50: Par | B50: 4 | C50: 3 | D50: 5 | E50: 4 | F50: 4 | G50: 3 | H50: 4 | I50: 5 | J50: 4 | K50: =SUM(B50:J50) -> 36 | N50: 3 | O50: 5 | P50: 3 | Q50: 5 | R50: 4 | S50: 4 | T50: 4 | U50: 3 | V50: 4 | W50: =SUM(N50:V50) -> 35
A51: Player
A52: Cody | B52: 5 | C52: 6 | D52: 7 | E52: 6 | F52: 8 | G52: 6 | H52: 5 | I52: 9 | J52: 6 | K52: =SUM(B52:J52) -> 58 | L52: 24 | M52: =K52-L52 -> 34 | N52: 11 | O52: 11 | P52: 4 | Q52: 8 | R52: 5 | S52: 6 | T52: 5 | U52: 4 | V52: 7 | W52: =SUM(N52:V52) -> 61 | X52: 24 | Y52: =W52-X52 -> 37
A53: Jordan | K53: =SUM(B53:J53) -> 0 | L53: 14 | M53: =K53-L53 -> -14 | W53: =SUM(N53:V53) -> 0 | X53: 14 | Y53: =W53-X53 -> -14
A54: Lindsay | B54: 9 | C54: 3 | D54: 8 | E54: 5 | F54: 4 | G54: 3 | H54: 4 | I54: 5 | J54: 4 | K54: =SUM(B54:J54) -> 45 | L54: 6 | M54: =K54-L54 -> 39 | W54: =SUM(N54:V54) -> 0 | X54: 6 | Y54: =W54-X54 -> -6
A55: Lance | K55: =SUM(B55:J55) -> 0 | L55: 24 | M55: =K55-L55 -> -24 | W55: =SUM(N55:V55) -> 0 | X55: 24 | Y55: =W55-X55 -> -24
A56: Shea | B56: 6 | C56: 5 | D56: 5 | E56: 5 | F56: 5 | G56: 4 | H56: 5 | I56: 5 | J56: 5 | K56: =SUM(B56:J56) -> 45 | L56: 8 | M56: =K56-L56 -> 37 | N56: 8 | O56: 5 | P56: 4 | Q56: 6 | R56: 7 | S56: 5 | T56: 4 | U56: 3 | V56: 5 | W56: =SUM(N56:V56) -> 47 | X56: 8 | Y56: =W56-X56 -> 39
A57: Tim | B57: 5 | C57: 4 | D57: 5 | E57: 5 | F57: 7 | G57: 2 | H57: 4 | I57: 4 | J57: 4 | K57: =SUM(B57:J57) -> 40 | L57: 9 | M57: =K57-L57 -> 31 | N57: 3 | O57: 5 | P57: 3 | Q57: 6 | R57: 7 | S57: 5 | T57: 5 | U57: 4 | V57: 4 | W57: =SUM(N57:V57) -> 42 | X57: 9 | Y57: =W57-X57 -> 33
A58: Sonat | B58: 4 | C58: 4 | D58: 6 | E58: 4 | F58: 5 | G58: 3 | H58: 4 | I58: 6 | J58: 4 | K58: =SUM(B58:J58) -> 40 | L58: 11 | M58: =K58-L58 -> 29 | N58: 5 | O58: 6 | P58: 6 | Q58: 7 | R58: 4 | S58: 5 | T58: 6 | U58: 6 | V58: 8 | W58: =SUM(N58:V58) -> 53 | X58: 11 | Y58: =W58-X58 -> 42
A59: Jeremy | B59: 6 | C59: 6 | D59: 8 | E59: 8 | F59: 7 | G59: 5 | H59: 5 | I59: 6 | J59: 4 | K59: =SUM(B59:J59) -> 55 | L59: 25 | M59: =K59-L59 -> 30 | N59: 4 | O59: 8 | P59: 3 | Q59: 11 | R59: 9 | S59: 6 | T59: 4 | U59: 5 | V59: 9 | W59: =SUM(N59:V59) -> 59 | X59: 25 | Y59: =W59-X59 -> 34
C60: 162 yrd | G60: 130 yrd | N60: 137 yrd | P60: 167 yrd | U60: 186 yrd

Sheet Tournament 3
A1: Player | B1: Sum of Total
A2: Jeremy | B2: 41.5
A3: Sonat | B3: 31.5
A4: Tim | B4: 31.5
A5: Lance | B5: 25
A6: Cody | B6: 24.5
A7: Lindsay | B7: 22.5
A8: Jordan | B8: 21.5
A9: Shea | B9: 18
A10: Grand Total | B10: 216
A12: Tournament 3 | P12: Points | R12: *split points if tied* | T12: Closest Too
A13: Player | B13: Week 1 | C13: Points | D13: Week 2 | E13: Points | F13: Week 3 | G13: Points | H13: Week 4 | I13: Points | J13: Week 5 | K13: Points | L13: Week 6 | M13: Points | N13: Total | P13: 1st | Q13: 8 | T13: Player | U13: Week 1 | V13: Week 2 | W13: Week 3 | X13: Week 4 | Y13: Week 5 | Z13: Week 6
A14: Cody | B14: =M26 -> 49.708333 | C14: 2 | D14: =Y26 -> 38.708333 | E14: 3 | F14: =M39 -> 34.708333 | G14: 6 | H14: =Y39 -> 47.708333 | I14: 3 | J14: 29.708333 | K14: 6 | L14: =Y52 -> 34.708333 | M14: 4.5 | N14: =C14+E14+G14+I14+K14+M14 -> 24.5 | P14: 2nd | Q14: 7 | T14: Cody | W14: - | Y14: - | Z14: -
A15: Jordan | B15: =M27 -> 43.325 | C15: 4 | D15: =Y27 -> 31.325 | E15: 7 | F15: =M40 -> 46.325 | G15: 1 | H15: =Y40 -> 50.325 | I15: 1.5 | J15: 31.325 | K15: 5 | L15: =Y53 -> 36.325 | M15: 3 | N15: =C15+E15+G15+I15+K15+M15 -> 21.5 | P15: 3rd | Q15: 6 | T15: Jordan | W15: - | Y15: 11.5 | Z15: 15.6
A16: Lindsay | B16: =M28 -> 36.534091 | C16: 6 | D16: =Y28 -> 35.534091 | E16: 4.5 | F16: =M41 -> 35.534091 | G16: 5 | H16: =Y41 -> 40.534091 | I16: 5 | J16: -7.4659091 | K16: 1 | L16: =Y54 -> -7.4659091 | M16: 1 | N16: =C16+E16+G16+I16+K16+M16 -> 22.5 | P16: 4th | Q16: 5 | T16: Lindsay | W16: - | Z16: -
A17: Lance | B17: =M29 -> 36.443182 | C17: 7 | D17: =Y29 -> 53.443182 | E17: 2 | F17: =M42 -> 31.443182 | G17: 7 | H17: =Y42 -> 50.443182 | I17: 1.5 | J17: 34.443182 | K17: 3 | L17: =Y55 -> 35.443182 | M17: 4.5 | N17: =C17+E17+G17+I17+K17+M17 -> 25 | P17: 5th | Q17: 4 | T17: Lance | W17: - | Y17: 17.7 | Z17: -
A18: Shea | B18: =M30 -> -7.375 | C18: 1 | D18: =Y30 -> -7.375 | E18: 1 | F18: =M43 -> 36.625 | G18: 4 | H18: =Y43 -> 38.625 | I18: 6 | J18: 31.625 | K18: 4 | L18: =Y56 -> 37.625 | M18: 2 | N18: =C18+E18+G18+I18+K18+M18 -> 18 | P18: 6th | Q18: 3 | T18: Shea | W18: 11.9 | Y18: 6.1 | Z18: 12.9
A19: Tim | B19: =M31 -> 35.240385 | C19: 8 | D19: =Y31 -> 36.240385 | E19: 4.5 | F19: =M44 -> 40.240385 | G19: 2 | H19: =Y44 -> 37.240385 | I19: 8 | J19: 36.240385 | K19: 2 | L19: =Y57 -> 31.240385 | M19: 7 | N19: =C19+E19+G19+I19+K19+M19 -> 31.5 | P19: 7th | Q19: 2 | T19: Tim | W19: - | Y19: - | Z19: -
A20: Sonat | B20: =M32 -> 38.767857 | C20: 5 | D20: =Y32 -> 34.767857 | E20: 6 | F20: =M45 -> 38.767857 | G20: 3 | H20: =Y45 -> 41.767857 | I20: 4 | J20: 26.767857 | K20: 7.5 | L20: =Y58 -> 31.767857 | M20: 6 | N20: =C20+E20+G20+I20+K20+M20 -> 31.5 | P20: 8th | Q20: 1 | T20: Sonat | W20: 13.2 | Y20: 0,9 | Z20: -
A21: Jeremy | B21: =M33 -> 47.041667 | C21: 3 | D21: =Y33 -> 27.041667 | E21: 8 | F21: =M46 -> 30.041667 | G21: 8 | H21: =Y46 -> 38.041667 | I21: 7 | J21: 27.041667 | K21: 7.5 | L21: =Y59 -> 28.041667 | M21: 8 | N21: =C21+E21+G21+I21+K21+M21 -> 41.5 | T21: Jeremy | W21: - | Y21: - | Z21: -
A23: Mattaponi Springs | B23: 1 | C23: 2 | D23: 3 | E23: 4 | F23: 5 | G23: 6 | H23: 7 | I23: 8 | J23: 9 | K23: Total | L23: Handicap | M23: Score | N23: 10 | O23: 11 | P23: 12 | Q23: 13 | R23: 14 | S23: 15 | T23: 16 | U23: 17 | V23: 18 | W23: Total | X23: Handicap | Y23: Score
A24: Par | B24: 4 | C24: 5 | D24: 3 | E24: 4 | F24: 4 | G24: 5 | H24: 3 | I24: 4 | J24: 4 | K24: =SUM(B24:J24) -> 36 | N24: 4 | O24: 4 | P24: 5 | Q24: 4 | R24: 3 | S24: 4 | T24: 5 | U24: 3 | V24: 4 | W24: =SUM(N24:V24) -> 36
A25: Player
A26: Cody | B26: 12 | C26: 9 | D26: 3 | E26: 15 | F26: 6 | G26: 9 | H26: 6 | I26: 6 | J26: 8 | K26: =SUM(B26:J26) -> 74 | L26: 24.291667 | M26: =K26-L26 -> 49.708333 | N26: 6 | O26: 7 | P26: 12 | Q26: 6 | R26: 4 | S26: 7 | T26: 9 | U26: 5 | V26: 7 | W26: =SUM(N26:V26) -> 63 | X26: 24.291667 | Y26: =W26-X26 -> 38.708333
A27: Jordan | B27: 6 | C27: 7 | D27: 4 | E27: 7 | F27: 7 | G27: 8 | H27: 4 | I27: 8 | J27: 5 | K27: =SUM(B27:J27) -> 56 | L27: 12.675 | M27: =K27-L27 -> 43.325 | N27: 4 | O27: 6 | P27: 6 | Q27: 4 | R27: 3 | S27: 5 | T27: 6 | U27: 5 | V27: 5 | W27: =SUM(N27:V27) -> 44 | X27: 12.675 | Y27: =W27-X27 -> 31.325
A28: Lindsay | B28: 8 | C28: 7 | D28: 2 | E28: 6 | F28: 4 | G28: 5 | H28: 3 | I28: 4 | J28: 5 | K28: =SUM(B28:J28) -> 44 | L28: 7.4659091 | M28: =K28-L28 -> 36.534091 | N28: 7 | O28: 5 | P28: 5 | Q28: 4 | R28: 4 | S28: 4 | T28: 5 | U28: 4 | V28: 5 | W28: =SUM(N28:V28) -> 43 | X28: 7.4659091 | Y28: =W28-X28 -> 35.534091
A29: Lance | B29: 8 | C29: 9 | D29: 5 | E29: 6 | F29: 5 | G29: 8 | H29: 5 | I29: 7 | J29: 5 | K29: =SUM(B29:J29) -> 58 | L29: 21.556818 | M29: =K29-L29 -> 36.443182 | N29: 7 | O29: 8 | P29: 10 | Q29: 12 | R29: 6 | S29: 8 | T29: 12 | U29: 5 | V29: 7 | W29: =SUM(N29:V29) -> 75 | X29: 21.556818 | Y29: =W29-X29 -> 53.443182
A30: Shea | K30: =SUM(B30:J30) -> 0 | L30: 7.375 | M30: =K30-L30 -> -7.375 | W30: =SUM(N30:V30) -> 0 | X30: 7.375 | Y30: =W30-X30 -> -7.375
A31: Tim | B31: 4 | C31: 5 | D31: 3 | E31: 7 | F31: 4 | G31: 6 | H31: 5 | I31: 4 | J31: 5 | K31: =SUM(B31:J31) -> 43 | L31: 7.7596154 | M31: =K31-L31 -> 35.240385 | N31: 4 | O31: 7 | P31: 6 | Q31: 4 | R31: 5 | S31: 4 | T31: 6 | U31: 3 | V31: 5 | W31: =SUM(N31:V31) -> 44 | X31: 7.7596154 | Y31: =W31-X31 -> 36.240385
A32: Sonat | B32: 8 | C32: 8 | D32: 4 | E32: 5 | F32: 4 | G32: 6 | H32: 4 | I32: 4 | J32: 6 | K32: =SUM(B32:J32) -> 49 | L32: 10.232143 | M32: =K32-L32 -> 38.767857 | N32: 5 | O32: 5 | P32: 7 | Q32: 4 | R32: 4 | S32: 4 | T32: 6 | U32: 4 | V32: 6 | W32: =SUM(N32:V32) -> 45 | X32: 10.232143 | Y32: =W32-X32 -> 34.767857
A33: Jeremy | B33: 11 | C33: 9 | D33: 5 | E33: 9 | F33: 5 | G33: 8 | H33: 5 | I33: 7 | J33: 13 | K33: =SUM(B33:J33) -> 72 | L33: 24.958333 | M33: =K33-L33 -> 47.041667 | N33: 6 | O33: 8 | P33: 6 | Q33: 6 | R33: 4 | S33: 5 | T33: 8 | U33: 4 | V33: 5 | W33: =SUM(N33:V33) -> 52 | X33: 24.958333 | Y33: =W33-X33 -> 27.041667
D34: 115 yrd | H34: 158 yrd | R34: 189 yrd | U34: 136 yrd
A36: Augusta | B36: 1 | C36: 2 | D36: 3 | E36: 4 | F36: 5 | G36: 6 | H36: 7 | I36: 8 | J36: 9 | K36: Total | L36: Handicap | M36: Score | N36: 10 | O36: 11 | P36: 12 | Q36: 13 | R36: 14 | S36: 15 | T36: 16 | U36: 17 | V36: 18 | W36: Total | X36: Handicap | Y36: Score
A37: Par | B37: 4 | C37: 5 | D37: 4 | E37: 3 | F37: 4 | G37: 3 | H37: 4 | I37: 5 | J37: 4 | K37: =SUM(B37:J37) -> 36 | N37: 4 | O37: 4 | P37: 3 | Q37: 5 | R37: 4 | S37: 5 | T37: 3 | U37: 4 | V37: 4 | W37: =SUM(N37:V37) -> 36
A38: Player
A39: Cody | B39: 6 | C39: 8 | D39: 6 | E39: 5 | F39: 6 | G39: 4 | H39: 9 | I39: 8 | J39: 7 | K39: =SUM(B39:J39) -> 59 | L39: 24.291667 | M39: =K39-L39 -> 34.708333 | N39: 7 | O39: 8 | P39: 7 | Q39: 14 | R39: 7 | S39: 8 | T39: 5 | U39: 6 | V39: 10 | W39: =SUM(N39:V39) -> 72 | X39: 24.291667 | Y39: =W39-X39 -> 47.708333
A40: Jordan | B40: 7 | C40: 7 | D40: 6 | E40: 4 | F40: 11 | G40: 6 | H40: 6 | I40: 6 | J40: 6 | K40: =SUM(B40:J40) -> 59 | L40: 12.675 | M40: =K40-L40 -> 46.325 | N40: 8 | O40: 7 | P40: 4 | Q40: 9 | R40: 8 | S40: 8 | T40: 4 | U40: 6 | V40: 9 | W40: =SUM(N40:V40) -> 63 | X40: 12.675 | Y40: =W40-X40 -> 50.325
A41: Lindsay | B41: 6 | C41: 5 | D41: 4 | E41: 4 | F41: 5 | G41: 4 | H41: 5 | I41: 6 | J41: 4 | K41: =SUM(B41:J41) -> 43 | L41: 7.4659091 | M41: =K41-L41 -> 35.534091 | N41: 7 | O41: 4 | P41: 4 | Q41: 7 | R41: 5 | S41: 5 | T41: 4 | U41: 6 | V41: 6 | W41: =SUM(N41:V41) -> 48 | X41: 7.4659091 | Y41: =W41-X41 -> 40.534091
A42: Lance | B42: 7 | C42: 6 | D42: 5 | E42: 4 | F42: 7 | G42: 3 | H42: 7 | I42: 6 | J42: 8 | K42: =SUM(B42:J42) -> 53 | L42: 21.556818 | M42: =K42-L42 -> 31.443182 | N42: 9 | O42: 5 | P42: 12 | Q42: 11 | R42: 6 | S42: 7 | T42: 6 | U42: 6 | V42: 10 | W42: =SUM(N42:V42) -> 72 | X42: 21.556818 | Y42: =W42-X42 -> 50.443182
A43: Shea | B43: 4 | C43: 6 | D43: 4 | E43: 4 | F43: 7 | G43: 7 | H43: 4 | I43: 4 | J43: 4 | K43: =SUM(B43:J43) -> 44 | L43: 7.375 | M43: =K43-L43 -> 36.625 | N43: 6 | O43: 5 | P43: 3 | Q43: 5 | R43: 9 | S43: 5 | T43: 4 | U43: 4 | V43: 5 | W43: =SUM(N43:V43) -> 46 | X43: 7.375 | Y43: =W43-X43 -> 38.625
A44: Tim | B44: 5 | C44: 6 | D44: 5 | E44: 6 | F44: 7 | G44: 5 | H44: 4 | I44: 4 | J44: 6 | K44: =SUM(B44:J44) -> 48 | L44: 7.7596154 | M44: =K44-L44 -> 40.240385 | N44: 5 | O44: 4 | P44: 3 | Q44: 8 | R44: 4 | S44: 5 | T44: 6 | U44: 5 | V44: 5 | W44: =SUM(N44:V44) -> 45 | X44: 7.7596154 | Y44: =W44-X44 -> 37.240385
A45: Sonat | B45: 4 | C45: 6 | D45: 6 | E45: 5 | F45: 5 | G45: 4 | H45: 6 | I45: 6 | J45: 7 | K45: =SUM(B45:J45) -> 49 | L45: 10.232143 | M45: =K45-L45 -> 38.767857 | N45: 5 | O45: 5 | P45: 5 | Q45: 6 | R45: 6 | S45: 8 | T45: 5 | U45: 5 | V45: 7 | W45: =SUM(N45:V45) -> 52 | X45: 10.232143 | Y45: =W45-X45 -> 41.767857
A46: Jeremy | B46: 9 | C46: 6 | D46: 5 | E46: 6 | F46: 6 | G46: 4 | H46: 6 | I46: 7 | J46: 6 | K46: =SUM(B46:J46) -> 55 | L46: 24.958333 | M46: =K46-L46 -> 30.041667 | N46: 8 | O46: 5 | P46: 7 | Q46: 7 | R46: 6 | S46: 12 | T46: 5 | U46: 6 | V46: 7 | W46: =SUM(N46:V46) -> 63 | X46: 24.958333 | Y46: =W46-X46 -> 38.041667
E47: 226 yrd | G47: 173 yrd | P47: 144 yrd | T47: 155 yrd
A49: Cabot Cliff | B49: 1 | C49: 2 | D49: 3 | E49: 4 | F49: 5 | G49: 6 | H49: 7 | I49: 8 | J49: 9 | K49: Total | L49: Handicap | M49: Score | N49: 10 | O49: 11 | P49: 12 | Q49: 13 | R49: 14 | S49: 15 | T49: 16 | U49: 17 | V49: 18 | W49: Total | X49: Handicap | Y49: Score
A50: Par | B50: 5 | C50: 4 | D50: 4 | E50: 3 | F50: 4 | G50: 3 | H50: 5 | I50: 5 | J50: 3 | K50: =SUM(B50:J50) -> 36 | N50: 5 | O50: 4 | P50: 3 | Q50: 4 | R50: 3 | S50: 5 | T50: 3 | U50: 4 | V50: 5 | W50: =SUM(N50:V50) -> 36
A51: Player
A52: Cody | B52: 9 | C52: 7 | D52: 5 | E52: 4 | F52: 5 | G52: 5 | H52: 7 | I52: 8 | J52: 4 | K52: =SUM(B52:J52) -> 54 | L52: 24.291667 | M52: =K52-L52 -> 29.708333 | N52: 6 | O52: 6 | P52: 4 | Q52: 6 | R52: 5 | S52: 7 | T52: 6 | U52: 9 | V52: 10 | W52: =SUM(N52:V52) -> 59 | X52: 24.291667 | Y52: =W52-X52 -> 34.708333
A53: Jordan | B53: 6 | C53: 7 | D53: 5 | E53: 5 | F53: 3 | G53: 4 | H53: 6 | I53: 5 | J53: 3 | K53: =SUM(B53:J53) -> 44 | L53: 12.675 | M53: =K53-L53 -> 31.325 | N53: 7 | O53: 5 | P53: 5 | Q53: 5 | R53: 3 | S53: 6 | T53: 4 | U53: 7 | V53: 7 | W53: =SUM(N53:V53) -> 49 | X53: 12.675 | Y53: =W53-X53 -> 36.325
A54: Lindsay | K54: =SUM(B54:J54) -> 0 | L54: 7.4659091 | M54: =K54-L54 -> -7.4659091 | W54: =SUM(N54:V54) -> 0 | X54: 7.4659091 | Y54: =W54-X54 -> -7.4659091
A55: Lance | B55: 9 | C55: 5 | D55: 5 | E55: 4 | F55: 6 | G55: 4 | H55: 7 | I55: 12 | J55: 4 | K55: =SUM(B55:J55) -> 56 | L55: 21.556818 | M55: =K55-L55 -> 34.443182 | N55: 6 | O55: 9 | P55: 3 | Q55: 5 | R55: 4 | S55: 8 | T55: 4 | U55: 6 | V55: 12 | W55: =SUM(N55:V55) -> 57 | X55: 21.556818 | Y55: =W55-X55 -> 35.443182
A56: Shea | B56: 5 | C56: 5 | D56: 4 | E56: 4 | F56: 4 | G56: 4 | H56: 5 | I56: 5 | J56: 3 | K56: =SUM(B56:J56) -> 39 | L56: 7.375 | M56: =K56-L56 -> 31.625 | N56: 5 | O56: 5 | P56: 5 | Q56: 6 | R56: 5 | S56: 5 | T56: 3 | U56: 4 | V56: 7 | W56: =SUM(N56:V56) -> 45 | X56: 7.375 | Y56: =W56-X56 -> 37.625
A57: Tim | B57: 5 | C57: 5 | D57: 5 | E57: 2 | F57: 5 | G57: 3 | H57: 9 | I57: 6 | J57: 4 | K57: =SUM(B57:J57) -> 44 | L57: 7.7596154 | M57: =K57-L57 -> 36.240385 | N57: 5 | O57: 4 | P57: 4 | Q57: 4 | R57: 4 | S57: 4 | T57: 4 | U57: 5 | V57: 5 | W57: =SUM(N57:V57) -> 39 | X57: 7.7596154 | Y57: =W57-X57 -> 31.240385
A58: Sonat | B58: 5 | C58: 4 | D58: 5 | E58: 3 | F58: 5 | G58: 3 | H58: 6 | I58: 4 | J58: 2 | K58: =SUM(B58:J58) -> 37 | L58: 10.232143 | M58: =K58-L58 -> 26.767857 | N58: 7 | O58: 5 | P58: 4 | Q58: 6 | R58: 3 | S58: 5 | T58: 4 | U58: 3 | V58: 5 | W58: =SUM(N58:V58) -> 42 | X58: 10.232143 | Y58: =W58-X58 -> 31.767857
A59: Jeremy | B59: 7 | C59: 6 | D59: 6 | E59: 5 | F59: 4 | G59: 4 | H59: 7 | I59: 9 | J59: 4 | K59: =SUM(B59:J59) -> 52 | L59: 24.958333 | M59: =K59-L59 -> 27.041667 | N59: 8 | O59: 6 | P59: 5 | Q59: 5 | R59: 3 | S59: 6 | T59: 3 | U59: 7 | V59: 10 | W59: =SUM(N59:V59) -> 53 | X59: 24.958333 | Y59: =W59-X59 -> 28.041667
G60: 153 yrd | J60: 109 yrd | P60: 200 yrd | T60: 125 yrd

Sheet Handicap Summary
A1: Tournament 1
A2: Player | B2: Week 1 | C2: Week 2 | D2: 2 Wk Ave | E2: Par 36
A3: Cody | B3: =Wk1and2!K5 -> 63 | C3: =Wk1and2!V5 -> 60 | D3: =(B3+C3)/2 -> 61.5 | E3: =D3-36 -> 25.5
A4: Jordan | B4: =Wk1and2!K7 -> 43 | C4: =Wk1and2!V7 -> 50 | D4: =(B4+C4)/2 -> 46.5 | E4: =D4-36 -> 10.5
A5: Lindsay | B5: =Wk1and2!K9 -> 42 | C5: =Wk1and2!V9 -> 44 | D5: =(B5+C5)/2 -> 43 | E5: =D5-36 -> 7
A6: Lance | B6: =Wk1and2!K11 -> 59 | C6: =Wk1and2!V11 -> 57 | D6: =(B6+C6)/2 -> 58 | E6: =D6-36 -> 22
A7: Shea | B7: =Wk1and2!K13 -> 52 | C7: =Wk1and2!V13 -> 45 | D7: =(B7+C7)/2 -> 48.5 | E7: =D7-36 -> 12.5
A8: Tim | B8: =Wk1and2!K15 -> 45 | C8: =Wk1and2!V15 -> 51 | D8: =(B8+C8)/2 -> 48 | E8: =D8-36 -> 12
A9: Sonat | B9: =Wk1and2!K17 -> 47 | C9: =Wk1and2!V17 -> 50 | D9: =(B9+C9)/2 -> 48.5 | E9: =D9-36 -> 12.5
A10: Jeremy | B10: 59 | C10: =Wk1and2!V19 -> 59 | D10: =(B10+C10)/2 -> 59 | E10: =D10-36 -> 23

Sheet Wk1and2
A1: Paynes Valley Wk 1 | B1: 1 | C1: 2 | D1: 3 | E1: 4 | F1: 5 | G1: 6 | H1: 7 | I1: 8 | J1: 9 | K1: Total | L1: Handicap | M1: 10 | N1: 11 | O1: 12 | P1: 13 | Q1: 14 | R1: 15 | S1: 16 | T1: 17 | U1: 18 | V1: Total | W1: Handicap
A2: Par | B2: 4 | C2: 3 | D2: 4 | E2: 5 | F2: 3 | G2: 4 | H2: 4 | I2: 5 | J2: 4 | K2: =SUM(B2:J2) -> 36 | M2: 3 | N2: 4 | O2: 4 | P2: 5 | Q2: 4 | R2: 4 | S2: 3 | T2: 4 | U2: 5 | V2: =SUM(M2:U2) -> 36
A3: Player
A4: Cody | B4: 7 | C4: 4 | D4: 7 | E4: 9 | F4: 7 | G4: 8 | H4: 8 | I4: 8 | J4: 6 | K4: =SUM(B4:J4) -> 64 | M4: 5 | N4: 6 | O4: 7 | P4: 9 | Q4: 7 | R4: 9 | S4: 4 | T4: 6 | U4: 8 | V4: =SUM(M4:U4) -> 61
A5: Adjusted HC | B5: =IF(B4>B2*2,B2*2,B4) -> 7 | C5: =IF(C4>C2*2,C2*2,C4) -> 4 | D5: =IF(D4>D2*2,D2*2,D4) -> 7 | E5: =IF(E4>E2*2,E2*2,E4) -> 9 | F5: =IF(F4>F2*2,F2*2,F4) -> 6 | G5: =IF(G4>G2*2,G2*2,G4) -> 8 | H5: =IF(H4>H2*2,H2*2,H4) -> 8 | I5: =IF(I4>I2*2,I2*2,I4) -> 8 | J5: =IF(J4>J2*2,J2*2,J4) -> 6 | K5: =SUM(B5:J5) -> 63 | L5: =K5-K2 -> 27 | M5: =IF(M4>M2*2,M2*2,M4) -> 5 | N5: =IF(N4>N2*2,N2*2,N4) -> 6 | O5: =IF(O4>O2*2,O2*2,O4) -> 7 | P5: =IF(P4>P2*2,P2*2,P4) -> 9 | Q5: =IF(Q4>Q2*2,Q2*2,Q4) -> 7 | R5: =IF(R4>R2*2,R2*2,R4) -> 8 | S5: =IF(S4>S2*2,S2*2,S4) -> 4 | T5: =IF(T4>T2*2,T2*2,T4) -> 6 | U5: =IF(U4>U2*2,U2*2,U4) -> 8 | V5: =SUM(M5:U5) -> 60 | W5: =V5-V2 -> 24
A6: Jordan | B6: 5 | C6: 2 | D6: 5 | E6: 6 | F6: 3 | G6: 5 | H6: 4 | I6: 7 | J6: 6 | K6: =SUM(B6:J6) -> 43 | M6: 4 | N6: 5 | O6: 6 | P6: 5 | Q6: 6 | R6: 6 | S6: 6 | T6: 6 | U6: 6 | V6: =SUM(M6:U6) -> 50
A7: Adjusted HC | B7: =IF(B6>B2*2,B2*2,B6) -> 5 | C7: =IF(C6>C2*2,C2*2,C6) -> 2 | D7: =IF(D6>D2*2,D2*2,D6) -> 5 | E7: =IF(E6>E2*2,E2*2,E6) -> 6 | F7: =IF(F6>F2*2,F2*2,F6) -> 3 | G7: =IF(G6>G2*2,G2*2,G6) -> 5 | H7: =IF(H6>H2*2,H2*2,H6) -> 4 | I7: =IF(I6>I2*2,I2*2,I6) -> 7 | J7: =IF(J6>J2*2,J2*2,J6) -> 6 | K7: =SUM(B7:J7) -> 43 | L7: =K7-K2 -> 7 | M7: =IF(M6>M2*2,M2*2,M6) -> 4 | N7: =IF(N6>N2*2,N2*2,N6) -> 5 | O7: =IF(O6>O2*2,O2*2,O6) -> 6 | P7: =IF(P6>P2*2,P2*2,P6) -> 5 | Q7: =IF(Q6>Q2*2,Q2*2,Q6) -> 6 | R7: =IF(R6>R2*2,R2*2,R6) -> 6 | S7: =IF(S6>S2*2,S2*2,S6) -> 6 | T7: =IF(T6>T2*2,T2*2,T6) -> 6 | U7: =IF(U6>U2*2,U2*2,U6) -> 6 | V7: =SUM(M7:U7) -> 50 | W7: =V7-V2 -> 14
A8: Lindsay | B8: 5 | C8: 4 | D8: 3 | E8: 5 | F8: 3 | G8: 6 | H8: 4 | I8: 7 | J8: 5 | K8: =SUM(B8:J8) -> 42 | M8: 5 | N8: 5 | O8: 4 | P8: 6 | Q8: 5 | R8: 5 | S8: 3 | T8: 5 | U8: 6 | V8: =SUM(M8:U8) -> 44
A9: Adjusted HC | B9: =IF(B8>B2*2,B2*2,B8) -> 5 | C9: =IF(C8>C2*2,C2*2,C8) -> 4 | D9: =IF(D8>D2*2,D2*2,D8) -> 3 | E9: =IF(E8>E2*2,E2*2,E8) -> 5 | F9: =IF(F8>F2*2,F2*2,F8) -> 3 | G9: =IF(G8>G2*2,G2*2,G8) -> 6 | H9: =IF(H8>H2*2,H2*2,H8) -> 4 | I9: =IF(I8>I2*2,I2*2,I8) -> 7 | J9: =IF(J8>J2*2,J2*2,J8) -> 5 | K9: =SUM(B9:J9) -> 42 | L9: =K9-K2 -> 6 | M9: =IF(M8>M2*2,M2*2,M8) -> 5 | N9: =IF(N8>N2*2,N2*2,N8) -> 5 | O9: =IF(O8>O2*2,O2*2,O8) -> 4 | P9: =IF(P8>P2*2,P2*2,P8) -> 6 | Q9: =IF(Q8>Q2*2,Q2*2,Q8) -> 5 | R9: =IF(R8>R2*2,R2*2,R8) -> 5 | S9: =IF(S8>S2*2,S2*2,S8) -> 3 | T9: =IF(T8>T2*2,T2*2,T8) -> 5 | U9: =IF(U8>U2*2,U2*2,U8) -> 6 | V9: =SUM(M9:U9) -> 44 | W9: =V9-V2 -> 8
A10: Lance | B10: 8 | C10: 4 | D10: 5 | E10: 10 | F10: 7 | G10: 5 | H10: 9 | I10: 5 | J10: 9 | K10: =SUM(B10:J10) -> 62 | M10: 7 | N10: 6 | O10: 6 | P10: 6 | Q10: 7 | R10: 8 | S10: 4 | T10: 6 | U10: 8 | V10: =SUM(M10:U10) -> 58
A11: Adjusted HC | B11: =IF(B10>B2*2,B2*2,B10) -> 8 | C11: =IF(C10>C2*2,C2*2,C10) -> 4 | D11: =IF(D10>D2*2,D2*2,D10) -> 5 | E11: =IF(E10>E2*2,E2*2,E10) -> 10 | F11: =IF(F10>F2*2,F2*2,F10) -> 6 | G11: =IF(G10>G2*2,G2*2,G10) -> 5 | H11: =IF(H10>H2*2,H2*2,H10) -> 8 | I11: =IF(I10>I2*2,I2*2,I10) -> 5 | J11: =IF(J10>J2*2,J2*2,J10) -> 8 | K11: =SUM(B11:J11) -> 59 | L11: =K11-K2 -> 23 | M11: =IF(M10>M2*2,M2*2,M10) -> 6 | N11: =IF(N10>N2*2,N2*2,N10) -> 6 | O11: =IF(O10>O2*2,O2*2,O10) -> 6 | P11: =IF(P10>P2*2,P2*2,P10) -> 6 | Q11: =IF(Q10>Q2*2,Q2*2,Q10) -> 7 | R11: =IF(R10>R2*2,R2*2,R10) -> 8 | S11: =IF(S10>S2*2,S2*2,S10) -> 4 | T11: =IF(T10>T2*2,T2*2,T10) -> 6 | U11: =IF(U10>U2*2,U2*2,U10) -> 8 | V11: =SUM(M11:U11) -> 57 | W11: =V11-V2 -> 21
A12: Shea | B12: 6 | C12: 6 | D12: 4 | E12: 6 | F12: 5 | G12: 7 | H12: 5 | I12: 7 | J12: 6 | K12: =SUM(B12:J12) -> 52 | M12: 4 | N12: 6 | O12: 6 | P12: 5 | Q12: 5 | R12: 5 | S12: 4 | T12: 5 | U12: 5 | V12: =SUM(M12:U12) -> 45
A13: Adjusted HC | B13: =IF(B12>B2*2,B2*2,B12) -> 6 | C13: =IF(C12>C2*2,C2*2,C12) -> 6 | D13: =IF(D12>D2*2,D2*2,D12) -> 4 | E13: =IF(E12>E2*2,E2*2,E12) -> 6 | F13: =IF(F12>F2*2,F2*2,F12) -> 5 | G13: =IF(G12>G2*2,G2*2,G12) -> 7 | H13: =IF(H12>H2*2,H2*2,H12) -> 5 | I13: =IF(I12>I2*2,I2*2,I12) -> 7 | J13: =IF(J12>J2*2,J2*2,J12) -> 6 | K13: =SUM(B13:J13) -> 52 | L13: =K13-K2 -> 16 | M13: =IF(M12>M2*2,M2*2,M12) -> 4 | N13: =IF(N12>N2*2,N2*2,N12) -> 6 | O13: =IF(O12>O2*2,O2*2,O12) -> 6 | P13: =IF(P12>P2*2,P2*2,P12) -> 5 | Q13: =IF(Q12>Q2*2,Q2*2,Q12) -> 5 | R13: =IF(R12>R2*2,R2*2,R12) -> 5 | S13: =IF(S12>S2*2,S2*2,S12) -> 4 | T13: =IF(T12>T2*2,T2*2,T12) -> 5 | U13: =IF(U12>U2*2,U2*2,U12) -> 5 | V13: =SUM(M13:U13) -> 45 | W13: =V13-V2 -> 9
A14: Tim | B14: 5 | C14: 4 | D14: 4 | E14: 6 | F14: 3 | G14: 5 | H14: 6 | I14: 6 | J14: 6 | K14: =SUM(B14:J14) -> 45 | M14: 4 | N14: 6 | O14: 5 | P14: 6 | Q14: 5 | R14: 5 | S14: 6 | T14: 7 | U14: 7 | V14: =SUM(M14:U14) -> 51
A15: Adjusted HC | B15: =IF(B14>B2*2,B2*2,B14) -> 5 | C15: =IF(C14>C2*2,C2*2,C14) -> 4 | D15: =IF(D14>D2*2,D2*2,D14) -> 4 | E15: =IF(E14>E2*2,E2*2,E14) -> 6 | F15: =IF(F14>F2*2,F2*2,F14) -> 3 | G15: =IF(G14>G2*2,G2*2,G14) -> 5 | H15: =IF(H14>H2*2,H2*2,H14) -> 6 | I15: =IF(I14>I2*2,I2*2,I14) -> 6 | J15: =IF(J14>J2*2,J2*2,J14) -> 6 | K15: =SUM(B15:J15) -> 45 | L15: =K15-K2 -> 9 | M15: =IF(M14>M2*2,M2*2,M14) -> 4 | N15: =IF(N14>N2*2,N2*2,N14) -> 6 | O15: =IF(O14>O2*2,O2*2,O14) -> 5 | P15: =IF(P14>P2*2,P2*2,P14) -> 6 | Q15: =IF(Q14>Q2*2,Q2*2,Q14) -> 5 | R15: =IF(R14>R2*2,R2*2,R14) -> 5 | S15: =IF(S14>S2*2,S2*2,S14) -> 6 | T15: =IF(T14>T2*2,T2*2,T14) -> 7 | U15: =IF(U14>U2*2,U2*2,U14) -> 7 | V15: =SUM(M15:U15) -> 51 | W15: =V15-V2 -> 15
A16: Sonat | B16: 5 | C16: 4 | D16: 5 | E16: 5 | F16: 4 | G16: 6 | H16: 4 | I16: 8 | J16: 6 | K16: =SUM(B16:J16) -> 47 | M16: 5 | N16: 5 | O16: 5 | P16: 7 | Q16: 5 | R16: 6 | S16: 5 | T16: 6 | U16: 6 | V16: =SUM(M16:U16) -> 50
A17: Adjusted HC | B17: =IF(B16>B2*2,B2*2,B16) -> 5 | C17: =IF(C16>C2*2,C2*2,C16) -> 4 | D17: =IF(D16>D2*2,D2*2,D16) -> 5 | E17: =IF(E16>E2*2,E2*2,E16) -> 5 | F17: =IF(F16>F2*2,F2*2,F16) -> 4 | G17: =IF(G16>G2*2,G2*2,G16) -> 6 | H17: =IF(H16>H2*2,H2*2,H16) -> 4 | I17: =IF(I16>I2*2,I2*2,I16) -> 8 | J17: =IF(J16>J2*2,J2*2,J16) -> 6 | K17: =SUM(B17:J17) -> 47 | L17: =K17-K2 -> 11 | M17: =IF(M16>M2*2,M2*2,M16) -> 5 | N17: =IF(N16>N2*2,N2*2,N16) -> 5 | O17: =IF(O16>O2*2,O2*2,O16) -> 5 | P17: =IF(P16>P2*2,P2*2,P16) -> 7 | Q17: =IF(Q16>Q2*2,Q2*2,Q16) -> 5 | R17: =IF(R16>R2*2,R2*2,R16) -> 6 | S17: =IF(S16>S2*2,S2*2,S16) -> 5 | T17: =IF(T16>T2*2,T2*2,T16) -> 6 | U17: =IF(U16>U2*2,U2*2,U16) -> 6 | V17: =SUM(M17:U17) -> 50 | W17: =V17-V2 -> 14
A18: Jeremy | K18: =SUM(B18:J18) -> 0 | M18: 4 | N18: 7 | O18: 6 | P18: 7 | Q18: 7 | R18: 8 | S18: 4 | T18: 6 | U18: 20 | V18: =SUM(M18:U18) -> 69
A19: Adjusted HC | B19: =IF(B18>B2*2,B2*2,B18) -> 0 | C19: =IF(C18>C2*2,C2*2,C18) -> 0 | D19: =IF(D18>D2*2,D2*2,D18) -> 0 | E19: =IF(E18>E2*2,E2*2,E18) -> 0 | F19: =IF(F18>F2*2,F2*2,F18) -> 0 | G19: =IF(G18>G2*2,G2*2,G18) -> 0 | H19: =IF(H18>H2*2,H2*2,H18) -> 0 | I19: =IF(I18>I2*2,I2*2,I18) -> 0 | J19: =IF(J18>J2*2,J2*2,J18) -> 0 | K19: =SUM(B19:J19) -> 0 | L19: 59 | M19: =IF(M18>M2*2,M2*2,M18) -> 4 | N19: =IF(N18>N2*2,N2*2,N18) -> 7 | O19: =IF(O18>O2*2,O2*2,O18) -> 6 | P19: =IF(P18>P2*2,P2*2,P18) -> 7 | Q19: =IF(Q18>Q2*2,Q2*2,Q18) -> 7 | R19: =IF(R18>R2*2,R2*2,R18) -> 8 | S19: =IF(S18>S2*2,S2*2,S18) -> 4 | T19: =IF(T18>T2*2,T2*2,T18) -> 6 | U19: =IF(U18>U2*2,U2*2,U18) -> 10 | V19: =SUM(M19:U19) -> 59 | W19: =V19-V2 -> 23

Sheet New Adj Cap
A1: Player | B1: Week 1 | C1: Week 2 | D1: Week 3 | E1: Week 4 | F1: Week 5 | G1: Week 6 | H1: Week 7 | I1: Week 8 | J1: total | K1: rounds | L1: Ave 9 score | M1: new cap | N1: old
A2: Cody | B2: =Wk1and2!K4 -> 64 | C2: =Wk1and2!V4 -> 61 | D2: 64 | E2: 0 | F2: 0 | G2: 60 | H2: 53 | I2: 56 | J2: =SUM(B2:I2) -> 358 | K2: 6 | L2: =J2/K2 -> 59.666667 | M2: =L2-E12 -> 24.041667 | N2: 25.5
A3: Jordan | B3: =Wk1and2!K6 -> 43 | C3: =Wk1and2!V6 -> 50 | D3: 43 | E3: 52 | F3: 49 | G3: 0 | H3: 58 | I3: 0 | J3: =SUM(B3:I3) -> 295 | K3: 6 | L3: =J3/K3 -> 49.166667 | M3: =L3-E12 -> 13.541667 | N3: 10.5
A4: Lindsay | B4: =Wk1and2!K8 -> 42 | C4: =Wk1and2!V8 -> 44 | D4: 43 | E4: 44 | F4: 39 | G4: 42 | H4: 41 | I4: 41 | J4: =SUM(B4:I4) -> 336 | K4: 8 | L4: =J4/K4 -> 42 | M4: =L4-E12 -> 6.375 | N4: 7
A5: Lance | B5: =Wk1and2!K10 -> 62 | C5: =Wk1and2!V10 -> 58 | D5: 62 | E5: 61 | F5: 60 | G5: 60 | H5: 56 | I5: 56 | J5: =SUM(B5:I5) -> 475 | K5: 8 | L5: =J5/K5 -> 59.375 | M5: =L5-E12 -> 23.75 | N5: 22
A6: Shea | B6: =Wk1and2!K12 -> 52 | C6: =Wk1and2!V12 -> 45 | D6: 44 | E6: 42 | F6: 38 | G6: 41 | H6: 0 | I6: 41 | J6: =SUM(B6:I6) -> 303 | K6: 7 | L6: =J6/K6 -> 43.285714 | M6: =L6-E12 -> 7.6607143 | N6: 12.5
A7: Tim | B7: =Wk1and2!K14 -> 45 | C7: =Wk1and2!V14 -> 51 | D7: 42 | E7: 45 | F7: 42 | G7: 46 | H7: 0 | I7: 44 | J7: =SUM(B7:I7) -> 315 | K7: 7 | L7: =J7/K7 -> 45 | M7: =L7-E12 -> 9.375 | N7: 12
A8: Sonat | B8: =Wk1and2!K16 -> 47 | C8: =Wk1and2!V16 -> 50 | D8: 49 | E8: 46 | F8: 39 | G8: 50 | H8: 43 | I8: 45 | J8: =SUM(B8:I8) -> 369 | K8: 8 | L8: =J8/K8 -> 46.125 | M8: =L8-E12 -> 10.5 | N8: 12.5
A9: Jeremy | B9: 59 | C9: =Wk1and2!V18 -> 69 | D9: 0 | E9: 62 | F9: 52 | G9: 61 | H9: 69 | I9: 54 | J9: =SUM(B9:I9) -> 426 | K9: 7 | L9: =J9/K9 -> 60.857143 | M9: =L9-E12 -> 25.232143 | N9: 23
D12: Ave 9 hole | E12: 35.625
A14: Player | B14: Week 1 | C14: Week 2 | D14: Week 3 | E14: Week 4 | F14: Week 5 | G14: Week 6 | H14: Week 7 | I14: Week 8 | J14: Week 9 | K14: Week 10 | L14: Week 11 | M14: Week 12 | N14: Week 13 | O14: Week 14 | P14: total | Q14: rounds | R14: ave 9 score | S14: new cap | T14: old
A15: Cody | B15: 64 | C15: 61 | D15: 64 | E15: 0 | F15: 0 | G15: 60 | H15: 53 | I15: 56 | J15: 64 | K15: 63 | L15: 55 | M15: 60 | N15: 58 | O15: 61 | P15: =SUM(B15:O15) -> 719 | Q15: 12 | R15: =P15/Q15 -> 59.916667 | S15: 24.291667 | T15: 24
A16: Jordan | B16: 43 | C16: 50 | D16: 43 | E16: 52 | F16: 49 | G16: 0 | H16: 58 | I16: 0 | J16: 49 | K16: 41 | L16: 51 | M16: 47 | N16: 0 | O16: 0 | P16: =SUM(B16:O16) -> 483 | Q16: 10 | R16: =P16/Q16 -> 48.3 | S16: 12.675 | T16: 14
A17: Lindsay | B17: 42 | C17: 44 | D17: 43 | E17: 44 | F17: 39 | G17: 42 | H17: 41 | I17: 41 | J17: 46 | K17: 0 | L17: 0 | M17: 47 | N17: 45 | O17: 0 | P17: =SUM(B17:O17) -> 474 | Q17: 11 | R17: =P17/Q17 -> 43.090909 | S17: 7.4659091 | T17: 6
A18: Lance | B18: 62 | C18: 58 | D18: 62 | E18: 61 | F18: 60 | G18: 60 | H18: 56 | I18: 56 | J18: 51 | K18: 53 | L18: 0 | M18: 50 | N18: 0 | O18: 0 | P18: =SUM(B18:O18) -> 629 | Q18: 11 | R18: =P18/Q18 -> 57.181818 | S18: 21.556818 | T18: 24
A19: Shea | B19: 52 | C19: 45 | D19: 44 | E19: 42 | F19: 38 | G19: 41 | H19: 0 | I19: 41 | J19: 45 | K19: 40 | L19: 38 | M19: 41 | N19: 45 | O19: 47 | P19: =SUM(B19:O19) -> 559 | Q19: 13 | R19: =P19/Q19 -> 43 | S19: 7.375 | T19: 8
A20: Tim | B20: 45 | C20: 51 | D20: 42 | E20: 45 | F20: 42 | G20: 46 | H20: 0 | I20: 44 | J20: 38 | K20: 42 | L20: 41 | M20: 46 | N20: 40 | O20: 42 | P20: =SUM(B20:O20) -> 564 | Q20: 13 | R20: =P20/Q20 -> 43.384615 | S20: 7.7596154 | T20: 9
A21: Sonat | B21: 47 | C21: 50 | D21: 49 | E21: 46 | F21: 39 | G21: 50 | H21: 43 | I21: 45 | J21: 47 | K21: 44 | L21: 42 | M21: 47 | N21: 40 | O21: 53 | P21: =SUM(B21:O21) -> 642 | Q21: 14 | R21: =P21/Q21 -> 45.857143 | S21: 10.232143 | T21: 11
A22: Jeremy | B22: 59 | C22: 69 | D22: 0 | E22: 62 | F22: 52 | G22: 61 | H22: 69 | I22: 54 | J22: 0 | K22: 73 | L22: 54 | M22: 60 | N22: 55 | O22: 59 | P22: =SUM(B22:O22) -> 727 | Q22: 12 | R22: =P22/Q22 -> 60.583333 | S22: 24.958333 | T22: 25
